<queryRequest xmlns="http://aktin.org/ns/exchange" xmlns:xsi="http://www.w3.org/2001/XMLSchema-instance"><id>981</id><reference>1970-01-01T00:00:00.000Z</reference><scheduled>1970-01-01T00:00:00.000Z</scheduled><query><title>test request</title><description /><principal><name>name</name><organisation>organization</organisation><email>email</email><phone /><tags><tag>usability</tag></tags></principal><schedule xsi:type="singleExecution"><duration>-P24M</duration></schedule><sql xmlns="http://aktin.org/ns/i2b2/sql" /></query></queryRequest>
