<queryRequest xmlns="http://aktin.org/ns/exchange" xmlns:xsi="http://www.w3.org/2001/XMLSchema-instance"><id>1129</id><reference>2025-12-31T23:00:00.000Z</reference><scheduled>2026-01-01T00:00:00.000Z</scheduled><query><title>Fünfjahresbericht AKTIN 2020-2025</title><description>Sehr geehrte Damen und Herren,

ab sofort soll in einem Fünfjahresbericht des AKTIN-Notaufnahmeregisters die Notaufnahme(register)population dargestellt werden. Die Darstellung ist u.a. aufgrund der zunehmenden öffentlichen Wahrnehmung des Notaufnahmeregisters durch die jüngsten Entwicklungen und Publikationen wünschenswert. Es gab bereits Anfragen nach Vergleichsdaten aus dem Register von Wissenschaftlern/Reviewern monozentrischer Studien. Initial ist eine Publikation zur Beschreibung der Registerkohorte geplant. Der Jahresbericht soll des Weiteren zukünftig auf der Homepage veröffentlicht werden und so die öffentliche Wahrnehmung des Notaufnahmeregisters weiter stärken sowie Wissenschaftlern außerhalb des Registers einen Überblick über die Datenbasis geben. Der Fokus liegt auf Daten, die in den Routinedaten der Kostenträger nicht verfügbar sind, wie beispielsweise Vorstellungsgrund, Stufe der Ersteinschätzung sowie Zuweisung und Transportmittel. Die ausgewählten Daten des Notaufnahmeregisters werden gepoolt, aggregiert und jährlich präsentiert. Für diese erste Datenanfrage werden die Daten der Jahre 2020 bis 2025 abgefragt, in den folgenden Anfragen (ab Januar 2027) nur jeweils rückwirkend für die vergangenen Jahre. Einschlusskriterien der abgefragten Fälle dieser Abfrage sind:

Zeitraum:
• Anfang 2020 - Ende 2025

Variablen des Datensatz Notaufnahme: 
•    Pseudonym der Notaufnahme (Ermittlung der Versorgungsstufe)
•    Alter in 5-Jahresgruppen
•    Geschlecht
•    Zuweisung
•    Transport
•    CEDIS
•    Triagestufe
•    Triagesystem_em
•    Abschlussdiagnosen und Zusatzkennzeichen (ICD-10)
•    Verbleib
•    Aufnahmedatum und -zeitpunkt
•    Zeitpunkt der Verlegung/Entlassung
•    Verbleib

Die Daten werden vom AKTIN TDAC für das Erstellen eines Jahresberichts genutzt. Das TDAC verpflichtet sich, die überlassenen Daten ausschließlich für die in diesem Antrag genannten Zwecke zu verwenden und nicht an Dritte weiterzugeben. Ein personenbezogener Abgleich oder Zusammenführen der Daten mit anderen Daten ist untersagt. 

Die Abfrage wurde durch das wissenschaftliche Gremium unter der Notaufnahmeregister-Projekt-ID 2020x25-XYZ genehmigt. Bei technischen Problemen oder Rückfragen können Sie sich an it-support@aktin.org wenden.</description><principal><name>Alexander Kombeiz</name><organisation>AKTIN IT-Team</organisation><email>akombeiz@ukaachen.de</email><phone /><tags><tag>usability</tag></tags></principal><schedule xsi:type="singleExecution"><duration>-P60M</duration></schedule><sql xmlns="http://aktin.org/ns/i2b2/sql"><temporary-table name="temp_casedata" /><temporary-table name="temp_diagnosis" /><source type="application/sql">	
CREATE TEMPORARY TABLE temp_casedata AS

select DISTINCT

--Postprocessing IDs
v.encounter_num,
p.patient_num,


--Angaben zum Patienten
CASE
WHEN tmp_age.years &gt;=0 AND tmp_age.years  &lt; 10 THEN '0-9'
WHEN tmp_age.years &gt;=10 AND tmp_age.years &lt; 15 THEN '10-14'
WHEN tmp_age.years &gt;=15 AND tmp_age.years &lt; 20 THEN '15-29'
WHEN tmp_age.years &gt;=20 AND tmp_age.years &lt; 25 THEN '20-24'
WHEN tmp_age.years &gt;=25 AND tmp_age.years &lt; 30 THEN '25-29'
WHEN tmp_age.years &gt;=30 AND tmp_age.years &lt; 35 THEN '30-34'
WHEN tmp_age.years &gt;=35 AND tmp_age.years &lt; 40 THEN '35-39'
WHEN tmp_age.years &gt;=40 AND tmp_age.years &lt; 45 THEN '40-44'
WHEN tmp_age.years &gt;=45 AND tmp_age.years &lt; 50 THEN '44-49'
WHEN tmp_age.years &gt;=50 AND tmp_age.years &lt; 55 THEN '50-54'
WHEN tmp_age.years &gt;=55 AND tmp_age.years &lt; 60 THEN '55-59'
WHEN tmp_age.years &gt;=60 AND tmp_age.years &lt; 65 THEN '60-64'
WHEN tmp_age.years &gt;=65 AND tmp_age.years &lt; 70 THEN '65-69'
WHEN tmp_age.years &gt;=70 AND tmp_age.years &lt; 75 THEN '70-74'
WHEN tmp_age.years &gt;=75 AND tmp_age.years &lt; 80 THEN '75-79'
WHEN tmp_age.years &gt;=80 AND tmp_age.years &lt; 85 THEN '80-84'
WHEN tmp_age.years &gt;=85 AND tmp_age.years &lt; 90 THEN '85-89'
WHEN tmp_age.years &gt;=90 AND tmp_age.years &lt; 95 THEN '90-94'
WHEN tmp_age.years &gt;=95 AND tmp_age.years &lt; 100 THEN '95-99'
WHEN tmp_age.years &gt;=100 THEN '100+'
ELSE tmp_age.years::text
END AS age,
p.sex_cd as gender, 
--Aufnahme und Zuweisung
zuweisung.zuweisung,
transport.transport,

--Beschwerden und Ersteinschätzung
cedis.cedis, triage.triage, triagesystem.triagesystem, 
--Abschluss
verbleib.verbleib,

--Zeiten
v.end_date - v.start_date as zeit_aufnahme_entlassung,
v.end_date - triage_ts.start_date as zeit_aufnahme_triage, v.end_date - arztkontakt.start_date as zeit_aufnahme_arztkontakt 



FROM i2b2crcdata.visit_dimension v JOIN i2b2crcdata.patient_dimension p ON (v.patient_num = p.patient_num)

--age
LEFT OUTER JOIN (SELECT DISTINCT ON(encounter_num) encounter_num, extract(years FROM age(vis.start_date, pat.birth_date)) AS years		 FROM i2b2crcdata.visit_dimension vis JOIN i2b2crcdata.patient_dimension pat ON (vis.patient_num = pat.patient_num)) tmp_age ON (v.encounter_num = tmp_age.encounter_num)


LEFT OUTER JOIN (select DISTINCT ON (encounter_num) encounter_num, CASE
WHEN substr(concept_cd,16) = 'VAP' THEN 'Vertragsarzt/Praxis'
WHEN substr(concept_cd,16) = 'KVNPIK' THEN 'KV-Notfallpraxis am Krankenhaus'
WHEN substr(concept_cd,16) = 'KVNDAK' THEN 'KV-Notdienst ausserhalb des Krankenhauses'
WHEN substr(concept_cd,16) = 'RD' THEN 'Rettungsdienst'
WHEN substr(concept_cd,16) = 'NA' THEN 'Notarzt'
WHEN substr(concept_cd,16) = 'KLINV' THEN 'Klinik/Verlegung'
WHEN substr(concept_cd,16) = 'NPHYS' THEN 'Zuweisung nicht durch Arzt'
WHEN substr(concept_cd,16) = 'OTH' THEN 'Andere'
ELSE
substr(concept_cd, 16) END AS zuweisung
FROM i2b2crcdata.observation_fact WHERE concept_cd LIKE 'AKTIN:REFERRAL%'
AND modifier_cd = '@' ORDER BY encounter_num ASC, import_date DESC) zuweisung ON (v.encounter_num = zuweisung.encounter_num)


LEFT OUTER JOIN (select DISTINCT ON (encounter_num) encounter_num, import_date, CASE WHEN concept_cd = 'AKTIN:TRANSPORT:1' THEN 'KTW'
WHEN concept_cd = 'AKTIN:TRANSPORT:2' THEN 'RTW'
WHEN concept_cd = 'AKTIN:TRANSPORT:3' THEN 'NAW/NEF/ITW'
WHEN concept_cd = 'AKTIN:TRANSPORT:4' THEN 'RTH/ITH'
WHEN concept_cd = 'AKTIN:TRANSPORT:NA' THEN 'Ohne'
WHEN concept_cd = 'AKTIN:TRANSPORT:OTH' THEN 'Andere'
ELSE concept_cd
END AS transport
FROM i2b2crcdata.observation_fact WHERE concept_cd LIKE 'AKTIN:TRANSPORT%'
AND modifier_cd = '@' ORDER BY encounter_num ASC, import_date DESC) transport ON (v.encounter_num = transport.encounter_num)


LEFT OUTER JOIN (SELECT DISTINCT ON (encounter_num) encounter_num, start_date, import_date FROM i2b2crcdata.observation_fact WHERE (concept_cd LIKE 'MTS%' OR concept_cd LIKE 'ESI%' OR concept_cd LIKE 'AKTIN:ASSESSMENT')
AND modifier_cd = 'effectiveTimeLow' ORDER BY encounter_num ASC, import_date DESC) triage_ts ON (v.encounter_num = triage_ts.encounter_num)

LEFT OUTER JOIN (SELECT DISTINCT ON (encounter_num) encounter_num, start_date, import_date FROM i2b2crcdata.observation_fact WHERE (concept_cd = 'AKTIN:PHYSENCOUNTER' OR concept_cd = 'AKTIN:ZeitpunktErsterArztkontakt')
AND modifier_cd = '@' ORDER BY encounter_num ASC, import_date DESC) arztkontakt ON (v.encounter_num = arztkontakt.encounter_num)

LEFT OUTER JOIN (SELECT DISTINCT ON (encounter_num) encounter_num, start_date, import_date FROM i2b2crcdata.observation_fact WHERE (concept_cd = 'AKTIN:STARTTHERAPY' OR concept_cd = 'AKTIN:ZeitpunktTherapiebeginn')
AND modifier_cd = '@' ORDER BY encounter_num ASC, import_date DESC) therapiebeginn ON (v.encounter_num = therapiebeginn.encounter_num)

LEFT OUTER JOIN (SELECT DISTINCT ON (encounter_num) encounter_num, import_date, CASE
WHEN concept_cd LIKE 'MTS:%' THEN 'MTS'
WHEN concept_cd LIKE 'ESI:%' THEN 'ESI' WHEN concept_cd LIKE 'AKTIN:ASSESSMENT' THEN 'Anderes'
ELSE concept_cd
END AS triagesystem FROM i2b2crcdata.observation_fact WHERE (concept_cd LIKE 'MTS%' OR concept_cd LIKE 'ESI%' OR concept_cd LIKE 'AKTIN:ASSESSMENT%')
AND modifier_cd = '@' ORDER BY encounter_num ASC, import_date DESC) triagesystem ON (v.encounter_num = triagesystem.encounter_num)

LEFT OUTER JOIN (SELECT DISTINCT ON (encounter_num) encounter_num, import_date,  CASE
WHEN concept_cd LIKE 'MTS:%' THEN  substr(concept_cd,5) WHEN concept_cd LIKE 'ESI:%' THEN  substr(concept_cd,5) WHEN concept_cd LIKE 'AKTIN:ASSESSMENT%' THEN  substr(concept_cd,18) ELSE concept_cd
END AS triage FROM i2b2crcdata.observation_fact WHERE (concept_cd LIKE 'MTS%' OR concept_cd LIKE 'ESI%' OR concept_cd LIKE 'AKTIN:ASSESSMENT%')
AND modifier_cd = '@' ORDER BY encounter_num ASC, import_date DESC) triage ON (v.encounter_num = triage.encounter_num)

LEFT OUTER JOIN (SELECT DISTINCT ON (encounter_num) encounter_num, import_date, CASE WHEN concept_cd = '75322-8:UNK' THEN '999' WHEN concept_cd = 'CEDIS30:UNK' THEN '999'
WHEN concept_cd LIKE '75322-8%' THEN substr(concept_cd,8)
WHEN concept_cd LIKE 'CEDIS%' THEN substr(concept_cd,9) ELSE concept_cd
END AS cedis FROM  i2b2crcdata.observation_fact WHERE (concept_cd LIKE 'CEDIS%' OR concept_cd LIKE '75322-8%')
AND modifier_cd = '@' ORDER BY encounter_num ASC, import_date DESC) cedis ON (v.encounter_num = cedis.encounter_num)



LEFT OUTER JOIN (select DISTINCT ON (encounter_num) encounter_num, import_date, CASE WHEN concept_cd = 'AKTIN:TRANSFER:1' THEN 'Aufnahme in Funktionsbereich'
WHEN concept_cd = 'AKTIN:TRANSFER:2' THEN 'Verlegung extern in Funktionsbereich'
WHEN concept_cd = 'AKTIN:TRANSFER:3' THEN 'Aufnahme auf Ueberwachungsstation'
WHEN concept_cd = 'AKTIN:TRANSFER:4' THEN 'Verlegung extern auf Ueberwachungsstation'
WHEN concept_cd = 'AKTIN:TRANSFER:5' THEN 'Aufnahme auf Normalstation'
WHEN concept_cd = 'AKTIN:TRANSFER:6' THEN 'Verlegung extern auf Normalstation'
WHEN concept_cd = 'AKTIN:DISCHARGE:1' THEN 'Tod'
WHEN concept_cd = 'AKTIN:DISCHARGE:2' THEN  'Entlassung gegen aerztlichen Rat'
WHEN concept_cd = 'AKTIN:DISCHARGE:3' THEN 'Behandlung durch Pat. abgebrochen'
WHEN concept_cd = 'AKTIN:DISCHARGE:4' THEN  'Entlassung nach Hause'
WHEN concept_cd = 'AKTIN:DISCHARGE:5' THEN 'Entlassung zu weiterbehandelnden Arzt'
WHEN concept_cd = 'AKTIN:DISCHARGE:6' THEN 'kein  Arztkontakt'
WHEN concept_cd = 'AKTIN:DISCHARGE:OTH' THEN 'Sonstige Entlassung'
ELSE concept_cd
END AS verbleib
FROM i2b2crcdata.observation_fact WHERE ((concept_cd  LIKE '%TRANSFER%' AND concept_cd &lt;&gt; 'AKTIN:TRANSFER:ZeitpunktVerlegung') OR concept_cd  LIKE '%DISCHARGE%')
AND modifier_cd = '@' ORDER BY encounter_num ASC, import_date DESC) verbleib ON (v.encounter_num = verbleib.encounter_num)

WHERE v.start_date BETWEEN '2019-01-01 00:00' AND '2022-01-01 00:00'

ORDER BY v.encounter_num;


CREATE TEMPORARY TABLE temp_diagnosis AS select DISTINCT
v.encounter_num,


substring(diagnose_icd.icd_code from 1 for 5) AS icd_code4,
CASE
WHEN diagnose_fuehrend.diagnose_fuehrend IS NOT NULL THEN 'f'
END AS diagnose_fuehrend,
diagnose_zusatz.diagnose_zusatz

FROM i2b2crcdata.visit_dimension v

--Diagnose
LEFT OUTER JOIN (SELECT encounter_num, import_date, substr(concept_cd,9) AS icd_code
FROM i2b2crcdata.observation_fact WHERE concept_cd LIKE 'ICD10GM:%' AND provider_id = '@'
AND modifier_cd = '@' ORDER BY encounter_num ASC, import_date DESC) diagnose_icd ON (v.encounter_num = diagnose_icd.encounter_num)

--Diagnose_Fuehrend
LEFT OUTER JOIN (SELECT encounter_num, import_date, concept_cd, substr(concept_cd,9) AS diagnose_fuehrend, modifier_cd FROM i2b2crcdata.observation_fact WHERE modifier_cd = 'AKTIN:DIAG:F' ORDER BY encounter_num ASC, import_date DESC) diagnose_fuehrend ON (v.encounter_num = diagnose_fuehrend.encounter_num) AND diagnose_icd.icd_code = diagnose_fuehrend.diagnose_fuehrend

--Diagnose_Zusatz
LEFT OUTER JOIN (SELECT encounter_num, substr(concept_cd,9),substr(modifier_cd, 12) AS diagnose_zusatz	FROM i2b2crcdata.observation_fact	WHERE modifier_cd = 'AKTIN:DIAG:V' OR modifier_cd = 'AKTIN:DIAG:Z' OR modifier_cd = 'AKTIN:DIAG:A' OR modifier_cd = 'AKTIN:DIAG:G'	ORDER BY encounter_num ASC, import_date DESC) diagnose_zusatz ON (v.encounter_num = diagnose_zusatz.encounter_num) AND diagnose_icd.icd_code = diagnose_zusatz.substr


WHERE v.start_date BETWEEN '2019-01-01 00:00' AND '2022-01-01 00:00'

ORDER BY v.encounter_num;</source><anonymize><key table="temp_casedata" column="encounter_num" /><ref table="temp_diagnosis" column="encounter_num" /></anonymize><anonymize><key table="temp_casedata" column="patient_num" /></anonymize><export table="temp_casedata" destination="case_data" /><export table="temp_diagnosis" destination="diag_data" /></sql></query></queryRequest>
