<queryRequest xmlns="http://aktin.org/ns/exchange" xmlns:xsi="http://www.w3.org/2001/XMLSchema-instance"><id>1130</id><reference>2021-12-31T23:00:00.000Z</reference><scheduled>2021-12-31T23:00:00.000Z</scheduled><query><title>Plausibilitätscheck stationäre Behandlungsdaten (§21-Daten)</title><description>Sehr geehrte Damen und Herren,

diese Abfrage führt einen Plausibilitätscheck der importierten §21-Daten durch. Die Informationen aus diesem Plausibilitätscheck werden uns in der Weiterentwicklung der §21-Importschnittstelle unterstützen. Es werden ausgewählte Variablen, die sowohl im Datensatz Notaufnahmeprotokoll als auch im importierten §21-Datensatz erhoben wurden, abgefragt und auf ihre Übereinstimmung geprüft. 

Einschlusskriterien:
- Keine. Es werden sämtliche Fälle in der Datenbank abgefragt

Folgende Aspekte werden dabei geprüft:
- Gesamtanzahl an vorhandenen Fällen
- Gesamtanzahl an Fällen mit §21-Daten
- Übereinstimmung von Geschlecht
- Übereinstimmung von Geburtsjahr
- Übereinstimmung des Aufnahmedatum mit einer Toleranz von 3 Monaten

Da nur Zählwerte erhoben werden, sind die abgefragten Daten vollständig anonynm.

Bei technischen Problemen oder Rückfragen können Sie sich an it-support@aktin.org wenden.</description><principal><name>Alexander Kombeiz</name><organisation>AKTIN IT-Team</organisation><email>akombeiz@ukaachen.de</email><phone /><tags><tag>usability</tag></tags></principal><schedule xsi:type="singleExecution"><duration>-P24M</duration></schedule><sql xmlns="http://aktin.org/ns/i2b2/sql"><temporary-table name="result" /><temporary-table name="obs_sex" /><temporary-table name="plausibility_sex" /><temporary-table name="obs_birthyear" /><temporary-table name="plausibility_birthyear" /><temporary-table name="obs_adm_date" /><temporary-table name="plausibility_adm_date" /><source type="application/sql">
CREATE TEMPORARY TABLE result("Variable" VARCHAR, "Wert" INTEGER);

INSERT INTO result VALUES('Fälle gesamt', (SELECT COUNT(DISTINCT encounter_num) FROM i2b2crcdata.observation_fact));
INSERT INTO result VALUES ('Fälle P21', (SELECT COUNT(DISTINCT encounter_num) FROM i2b2crcdata.observation_fact WHERE provider_id='P21'));

CREATE TEMPORARY TABLE obs_sex AS SELECT patient_num, SUBSTRING(concept_cd, 9, 1) as sex_p21 FROM i2b2crcdata.observation_fact WHERE concept_cd LIKE 'P21:SEX:%';
CREATE TEMPORARY TABLE plausibility_sex AS SELECT pat.patient_num, CASE WHEN pat.sex_cd = 'F' THEN 'W' ELSE sex_cd END AS sex_cda, obs_sex.sex_p21 FROM i2b2crcdata.patient_dimension as pat LEFT JOIN obs_sex ON obs_sex.patient_num=pat.patient_num;

INSERT INTO result VALUES ('P21 mit Geschlecht', (SELECT COUNT(sex_p21) FROM plausibility_sex));
INSERT INTO result VALUES ('P21 mit plausiblem Geschlecht', (SELECT COUNT(*) FROM plausibility_sex WHERE sex_p21 = sex_cda));

CREATE TEMPORARY TABLE obs_birthyear AS SELECT patient_num, CAST(nval_num as INT) as birthyear_p21 FROM i2b2crcdata.observation_fact WHERE concept_cd = 'LOINC:80904-6' AND units_cd = 'yyyy';
CREATE TEMPORARY TABLE plausibility_birthyear AS SELECT pat.patient_num, EXTRACT(YEAR FROM pat.birth_date) as birthyear_cda, obs_birthyear.birthyear_p21 FROM i2b2crcdata.patient_dimension as pat LEFT JOIN obs_birthyear ON obs_birthyear.patient_num=pat.patient_num;

INSERT INTO result VALUES ('P21 mit Geburtsjahr', (SELECT COUNT(birthyear_p21) FROM plausibility_birthyear));
INSERT INTO result VALUES ('P21 mit plausiblem Geburtsjahr', (SELECT COUNT(*) FROM plausibility_birthyear WHERE birthyear_p21 = birthyear_cda));

CREATE TEMPORARY TABLE obs_adm_date AS SELECT encounter_num, start_date as date_p21 FROM i2b2crcdata.observation_fact WHERE concept_cd='P21:SCRIPT' and modifier_cd='@';
CREATE TEMPORARY TABLE plausibility_adm_date AS SELECT visit.encounter_num, visit.start_date as date_cda, obs_adm_date.date_p21, ABS(extract(year from age(obs_adm_date.date_p21, visit.start_date))) * 12 + ABS(extract(month from age(obs_adm_date.date_p21, visit.start_date))) as diff_in_months FROM i2b2crcdata.visit_dimension as visit LEFT JOIN obs_adm_date ON obs_adm_date.encounter_num=visit.encounter_num;

INSERT INTO result VALUES ('Differenz Aufnahmedatum &lt; 3 Monate', (SELECT COUNT(*) FROM plausibility_adm_date WHERE diff_in_months &lt; 3));
</source><export table="result" destination="result" /></sql></query></queryRequest>
