<queryRequest xmlns="http://aktin.org/ns/exchange" xmlns:xsi="http://www.w3.org/2001/XMLSchema-instance"><id>1131</id><reference>2022-07-10T22:00:00.000Z</reference><scheduled>2022-07-10T22:00:00.000Z</scheduled><query><title>Syndromische Surveillance</title><description>Sehr geehrte Damen und Herren,

wir möchten nun die im Kontext der Corona-Pandemie gemeinsam mit dem Max Mustermann-Institut (MMI) durchgeführte Serien-Datenabfrage für Syndromische Surveillance aktualisieren. Die Abfrage soll nun jeweils tagesaktuell für die zurückliegenden 24 Monate erfolgen um auftretende Datenlücken ohne zusätzliche Abfragen schließen zu können. Diese Abfrage ersetzt die bisherige Serienabfrage "AKTIN MMI".

Seit dem Frühjahr 2020 werden diese Daten des AKTIN Notaufnahmeregisters bereits für eine bevölkerungsweite Einschätzung von Gesundheitsgefahren genutzt. Dazu wurde zuvor ein generischer Merkmalskatalog erarbeitet, der nach Begutachtung durch den bundesbehördlichen Datenschützer auch auf Einzelfallebene als anonymisiert eingestuft wurde. Dieses neue System der sogenannten Syndromischen Surveillance wird in Zukunft unter anderem die Früherkennung von Ausbrüchen z.B. durch hochpathogenen Erreger und die Versorgungslast durch saisonale Erkrankungen wie Influenza unterstützen.

Einschlusskriterien der abgefragten Fälle:
•             Fälle der letzten 24 Monate

Abgefragte Variablen des Datensatz Notaufnahme:
•             Pseudonym der Notaufnahme
•             Alter in 5-Jahres-Schritten Altersgruppen in Kategorien (0-4 jährlich, 5-80 in 5-Jahres-Intervallen, 80+)
•             Geschlecht
•             Wohnort (führende zwei oder drei Stellen der PLZ, je nach Verfügbarkeit)
•             Zuweisung
•             Transport
•             CEDIS
•             Triagestufe
•             Triagesystem
•             Notaufnahmediagnosen (ICD-10) inkl. Diagnosesicherheit und Zusatzkennzeichen
•             Verbleib
•             Verlegung
•             Transportmittel
•             Zuweisung / Einweiser
•             Isolierung
•             Isolierungsgrund
•             Tetanus-Schutz
•             Schmerzskala
•             Atemfrequenz
•             Sauerstoffsättigung
•             Systolischer Blutdruck
•             Herzfrequenz
•             Temperatur
•             Labor
•             Blutgasanalyse
•             EKG
•             Echokardiographie
•             Röntgen Thorax
•             Erster Arztkontakt
•             Zeitpunkt der Verlegung/Entlassung
•             Erstmalige Fallanlage im AKTIN Data Warehouse
•             Zeitpunkt letztes CDA Update

Die anonymisierten Daten werden ausschließlich unter Aufsicht des bundesbehördlichen Datenschutzes innerhalb des IT-Systems des Max Mustermann-Institut verarbeitet. Ein Zugriff ist nur Mitarbeitern/innen des MMI möglich. Sämtliche strategische und technische Aspekte der Langzeitnutzung unterliegen den im MMI geltenden behördlichen Rahmenbedingungen. Bei technischen Problemen oder Rückfragen können Sie sich an it-support@aktin.org wenden.</description><principal><name>Alexander Kombeiz</name><organisation>AKTIN IT-Team</organisation><email>akombeiz@ukaachen.de</email><phone /><tags><tag>usability</tag></tags></principal><schedule xsi:type="repeatedExecution"><duration>-P24M</duration><interval>P1D</interval><intervalHours /><id>1</id></schedule><sql xmlns="http://aktin.org/ns/i2b2/sql">
        <temporary-table name="temp_encounters"/>
    <temporary-table name="temp_diag"/>
    
    <source type="application/sql">
    <![CDATA[
            CREATE TEMPORARY TABLE temp_encounters
             AS 
select DISTINCT

--Postprocessing ID anonymisieren
v.encounter_num,

p.sex_cd as gender,
CASE
WHEN tmp_age.years >=5 AND tmp_age.years < 10 THEN '5-9'
WHEN tmp_age.years >=10 AND tmp_age.years < 15 THEN '10-14'
WHEN tmp_age.years >=15 AND tmp_age.years < 20 THEN '15-19'
WHEN tmp_age.years >=20 AND tmp_age.years < 25 THEN '20-24'
WHEN tmp_age.years >=25 AND tmp_age.years < 30 THEN '25-29'
WHEN tmp_age.years >=30 AND tmp_age.years < 35 THEN '30-34'
WHEN tmp_age.years >=35 AND tmp_age.years < 40 THEN '35-39'
WHEN tmp_age.years >=40 AND tmp_age.years < 45 THEN '40-44'
WHEN tmp_age.years >=45 AND tmp_age.years < 50 THEN '45-49'
WHEN tmp_age.years >=50 AND tmp_age.years < 55 THEN '50-54'
WHEN tmp_age.years >=55 AND tmp_age.years < 60 THEN '55-59'
WHEN tmp_age.years >=60 AND tmp_age.years < 65 THEN '60-64'
WHEN tmp_age.years >=65 AND tmp_age.years < 70 THEN '65-69'
WHEN tmp_age.years >=70 AND tmp_age.years < 75 THEN '70-74'
WHEN tmp_age.years >=75 AND tmp_age.years < 80 THEN '75-79'
WHEN tmp_age.years >=80 THEN '80+'
ELSE tmp_age.years::text
END AS age,
substring(trim(plz.tval_char) from 1 for 3) AS postcode,

cedis.cedis, 
triage.triage, 
triagesystem.triagesystem, 

-- Postprocessing NotaufnahmeID
date_trunc('hour',v.start_date) as aufnahme_ts, 

verbleib.verbleib, 
transport.transport,
zuweisung.zuweisung,

isolation.isolation,
isolation_grund.isolation_grund,
tetanusschutz.tetanusschutz,

schmerzskala.schmerzskala,
atemfrequenz.atemfrequenz, 
saettigung.saettigung,
blutdruck_sys.blutdruck_sys,
herzfrequenz.herzfrequenz,
kerntemperatur.kerntemperatur,

labor.labor,
bga.bga,
ekg.diagnostik_ekg, 
echo.echo,
roentgen_thorax.roentgen_thorax,

format('%s:%s',
LPAD((extract (epoch from age(arztkontakt.start_date, v.start_date))::bigint / 3600)::text, 2, '0'),
LPAD((extract (epoch from age(arztkontakt.start_date, v.start_date))::bigint % 3600 / 60)::text, 2, '0')) as aufnahme_arztkontakt,
format('%s:%s',
LPAD((extract (epoch from age(v.end_date, v.start_date))::bigint / 3600)::text, 2, '0'),
LPAD((extract (epoch from age(v.end_date, v.start_date))::bigint % 3600 / 60)::text, 2, '0')) as aufnahme_entlassung,


v.import_date as first_import_ts,
last_import.last_import_ts,
cda_version

FROM i2b2crcdata.visit_dimension v JOIN i2b2crcdata.patient_dimension p ON (v.patient_num = p.patient_num)

--age
LEFT OUTER JOIN (SELECT DISTINCT ON(encounter_num) encounter_num, extract(years FROM age(vis.start_date, pat.birth_date)) AS years         
FROM i2b2crcdata.visit_dimension vis JOIN i2b2crcdata.patient_dimension pat ON (vis.patient_num = pat.patient_num)) tmp_age ON (v.encounter_num = tmp_age.encounter_num)

--PLZ
LEFT OUTER JOIN (SELECT DISTINCT ON (encounter_num) encounter_num, tval_char, import_date FROM i2b2crcdata.observation_fact WHERE concept_cd = 'AKTIN:ZIPCODE'
AND modifier_cd = '@' ORDER BY encounter_num ASC, import_date DESC) plz ON (v.encounter_num = plz.encounter_num)

--CEDIS
LEFT OUTER JOIN (SELECT DISTINCT ON (encounter_num) encounter_num, import_date, 
CASE 
WHEN concept_cd LIKE 'CEDIS30%' THEN substr(concept_cd,9) 
ELSE concept_cd
END AS cedis 
FROM  i2b2crcdata.observation_fact 
WHERE (concept_cd LIKE 'CEDIS%' OR concept_cd LIKE '75322-8%')
AND modifier_cd = '@' ORDER BY encounter_num ASC, import_date DESC) cedis ON (v.encounter_num = cedis.encounter_num)

--Triage
LEFT OUTER JOIN (SELECT DISTINCT ON (encounter_num) encounter_num, import_date,  
CASE
WHEN concept_cd LIKE 'MTS:%' THEN  substr(concept_cd,5) 
WHEN concept_cd LIKE 'ESI:%' THEN  substr(concept_cd,5) 
WHEN concept_cd LIKE 'AKTIN:ASSESSMENT%' THEN  substr(concept_cd,18) 
ELSE concept_cd
END AS triage 
FROM i2b2crcdata.observation_fact 
WHERE (concept_cd LIKE 'MTS%' OR concept_cd LIKE 'ESI%' OR concept_cd LIKE 'AKTIN:ASSESSMENT%')
AND modifier_cd = '@' ORDER BY encounter_num ASC, import_date DESC) triage ON (v.encounter_num = triage.encounter_num)

--Triagesystem
LEFT OUTER JOIN (SELECT DISTINCT ON (encounter_num) encounter_num, import_date, 
CASE
WHEN concept_cd LIKE 'MTS:%' THEN 'MTS'
WHEN concept_cd LIKE 'ESI:%' THEN 'ESI' 
WHEN concept_cd LIKE 'AKTIN:ASSESSMENT' THEN 'Anderes'
ELSE concept_cd
END AS triagesystem 
FROM i2b2crcdata.observation_fact 
WHERE (concept_cd LIKE 'MTS%' OR concept_cd LIKE 'ESI%' OR concept_cd LIKE 'AKTIN:ASSESSMENT%')
AND modifier_cd = '@' ORDER BY encounter_num ASC, import_date DESC) triagesystem ON (v.encounter_num = triagesystem.encounter_num)

--Verbleib
LEFT OUTER JOIN (select DISTINCT ON (encounter_num) encounter_num, import_date, CASE 
WHEN concept_cd = 'AKTIN:TRANSFER:1' THEN 'Aufnahme in Funktionsbereich'
WHEN concept_cd = 'AKTIN:TRANSFER:2' THEN 'Verlegung extern in Funktionsbereich'
WHEN concept_cd = 'AKTIN:TRANSFER:3' THEN 'Aufnahme auf Ueberwachungsstation'
WHEN concept_cd = 'AKTIN:TRANSFER:4' THEN 'Verlegung extern auf Ueberwachungsstation'
WHEN concept_cd = 'AKTIN:TRANSFER:5' THEN 'Aufnahme auf Normalstation'
WHEN concept_cd = 'AKTIN:TRANSFER:6' THEN 'Verlegung extern auf Normalstation'
WHEN concept_cd = 'AKTIN:DISCHARGE:1' THEN 'Tod'
WHEN concept_cd = 'AKTIN:DISCHARGE:2' THEN  'Entlassung gegen aerztlichen Rat'
WHEN concept_cd = 'AKTIN:DISCHARGE:3' THEN 'Behandlung durch Pat. abgebrochen'
WHEN concept_cd = 'AKTIN:DISCHARGE:4' THEN  'Entlassung nach Hause'
WHEN concept_cd = 'AKTIN:DISCHARGE:5' THEN 'Entlassung zu weiterbehandelnden Arzt'
WHEN concept_cd = 'AKTIN:DISCHARGE:6' THEN 'kein  Arztkontakt'
WHEN concept_cd = 'AKTIN:DISCHARGE:OTH' THEN 'Sonstige Entlassung'
ELSE concept_cd
END AS verbleib
FROM i2b2crcdata.observation_fact 
WHERE ((concept_cd  LIKE '%TRANSFER%' AND concept_cd <> 'AKTIN:TRANSFER:ZeitpunktVerlegung') OR concept_cd  LIKE '%DISCHARGE%')
AND modifier_cd = '@' ORDER BY encounter_num ASC, import_date DESC) verbleib ON (v.encounter_num = verbleib.encounter_num)

--Transport
LEFT OUTER JOIN (select DISTINCT ON (encounter_num) encounter_num, import_date, CASE 
WHEN concept_cd = 'AKTIN:TRANSPORT:1' THEN 'KTW'
WHEN concept_cd = 'AKTIN:TRANSPORT:2' THEN 'RTW'
WHEN concept_cd = 'AKTIN:TRANSPORT:3' THEN 'NAW/NEF/ITW'
WHEN concept_cd = 'AKTIN:TRANSPORT:4' THEN 'RTH/ITH'
WHEN concept_cd = 'AKTIN:TRANSPORT:NA' THEN 'Ohne'
WHEN concept_cd = 'AKTIN:TRANSPORT:OTH' THEN 'Andere'
ELSE concept_cd
END AS transport
FROM i2b2crcdata.observation_fact WHERE concept_cd LIKE 'AKTIN:TRANSPORT%'
AND modifier_cd = '@' ORDER BY encounter_num ASC, import_date DESC) transport ON (v.encounter_num = transport.encounter_num)

--Zuweisung
LEFT OUTER JOIN (select DISTINCT ON (encounter_num) encounter_num, CASE
WHEN substr(concept_cd, 16) = 'VAP' THEN 'Vertragsarzt/Praxis'     
WHEN substr(concept_cd, 16) = 'KVNPIK' THEN 'KV-Notfallpraxis am Krankenhaus'
WHEN substr(concept_cd, 16) = 'KVNDAK' THEN 'KV-Notdienst außerhalb des Krankenhauses'
WHEN substr(concept_cd, 16) = 'RD' THEN 'Rettungsdienst'
WHEN substr(concept_cd, 16) = 'NA' THEN 'Notarzt'
WHEN substr(concept_cd, 16) = 'KLINV' THEN 'Klinik/Verlegung'
WHEN substr(concept_cd, 16) = 'NPHYS' THEN 'Zuweisung nicht durch Arzt'
WHEN substr(concept_cd, 16) = 'OTH' THEN 'Andere'
ELSE substr(concept_cd, 16) 
END AS zuweisung
FROM i2b2crcdata.observation_fact WHERE concept_cd LIKE 'AKTIN:REFERRAL%'
AND modifier_cd = '@' ORDER BY encounter_num ASC, import_date DESC) zuweisung ON (v.encounter_num = zuweisung.encounter_num)

--Isolation
LEFT OUTER JOIN (SELECT DISTINCT ON (encounter_num) encounter_num, import_date, CASE
WHEN concept_cd = 'AKTIN:ISOLATION:ISO' THEN 'Isolation'
WHEN concept_cd = 'AKTIN:ISOLATION:RISO' THEN 'Umkehrisolation'
WHEN concept_cd = 'AKTIN:ISOLATION:ISO:NEG' THEN 'keine Isolation'
END AS isolation
FROM i2b2crcdata.observation_fact 
WHERE concept_cd LIKE 'AKTIN:ISOLATION:%'
AND modifier_cd = '@' ORDER BY encounter_num ASC, import_date DESC) isolation ON (v.encounter_num = isolation.encounter_num)

--Isolation_Grund
LEFT OUTER JOIN (select DISTINCT ON (encounter_num) encounter_num, import_date, 
CASE
WHEN concept_cd = 'AKTIN:ISOREASON:U80' THEN 'multiresistenter Keim'
WHEN concept_cd = 'AKTIN:ISOREASON:A09.9' THEN 'Gastroenteritis'
WHEN concept_cd = 'AKTIN:ISOREASON:A16.9' THEN 'Tuberkulose'
WHEN concept_cd = 'AKTIN:ISOREASON:G03.9' THEN 'Meningitis'
WHEN concept_cd = 'AKTIN:ISOREASON:OTH' THEN 'Andere'
ELSE concept_cd
END AS isolation_grund
FROM i2b2crcdata.observation_fact 
WHERE concept_cd  LIKE 'AKTIN:ISOREASON:%'
AND modifier_cd = '@' ORDER BY encounter_num ASC, import_date DESC) isolation_grund ON (v.encounter_num = isolation_grund.encounter_num)

--Tetanusschutz
LEFT OUTER JOIN (SELECT DISTINCT ON (encounter_num) encounter_num, import_date, CASE
WHEN concept_cd = 'LOINC:11458-7:NEG' THEN 'Patient hat keinen Tetanusschutz' 
WHEN concept_cd = 'LOINC:11458-7' THEN 'Patient hat Tetanusschutz' 
WHEN concept_cd = 'LOINC:11458-7:NI' THEN 'Information nicht erhebbar' 
ELSE concept_cd
END AS tetanusschutz
FROM i2b2crcdata.observation_fact 
WHERE concept_cd LIKE 'LOINC:11458-7%'
AND modifier_cd = '@' ORDER BY encounter_num ASC, import_date DESC) tetanusschutz ON (v.encounter_num = tetanusschutz.encounter_num)

--Schmerzskala
LEFT OUTER JOIN (SELECT  DISTINCT ON (encounter_num) encounter_num, import_date, round(nval_num) AS schmerzskala 
FROM i2b2crcdata.observation_fact 
WHERE concept_cd = 'LOINC:72514-3'
AND modifier_cd = '@' ORDER BY encounter_num ASC, import_date DESC) schmerzskala ON (v.encounter_num = schmerzskala.encounter_num)

--Atemfrequenz
LEFT OUTER JOIN (SELECT DISTINCT ON (encounter_num) encounter_num, import_date, round(nval_num) AS atemfrequenz
FROM i2b2crcdata.observation_fact 
WHERE concept_cd = 'LOINC:9279-1'
AND modifier_cd = '@'
ORDER BY encounter_num ASC, import_date DESC) atemfrequenz ON (v.encounter_num = atemfrequenz.encounter_num)

--Saettigung
LEFT OUTER JOIN (SELECT DISTINCT ON (encounter_num) encounter_num, import_date, round(nval_num) AS saettigung
FROM i2b2crcdata.observation_fact 
WHERE concept_cd = 'LOINC:20564-1'
AND modifier_cd = '@' ORDER BY encounter_num ASC, import_date DESC) saettigung ON (v.encounter_num = saettigung.encounter_num)

--Blutdruck_SYS
LEFT OUTER JOIN (SELECT DISTINCT ON (encounter_num) encounter_num, import_date, round(nval_num) AS blutdruck_sys
FROM i2b2crcdata.observation_fact 
WHERE concept_cd = 'LOINC:8480-6'
AND modifier_cd = '@' ORDER BY encounter_num ASC, import_date DESC) blutdruck_sys ON (v.encounter_num = blutdruck_sys.encounter_num)

--Herzfrequenz
LEFT OUTER JOIN (SELECT DISTINCT ON (encounter_num) encounter_num, import_date, round(nval_num) AS herzfrequenz
FROM i2b2crcdata.observation_fact 
WHERE concept_cd = 'LOINC:8867-4'
AND modifier_cd = '@' ORDER BY encounter_num ASC, import_date DESC) herzfrequenz ON (v.encounter_num = herzfrequenz.encounter_num)

--Kerntemperatur
LEFT OUTER JOIN (SELECT DISTINCT ON (encounter_num) encounter_num, import_date, round(nval_num,1) AS kerntemperatur
FROM i2b2crcdata.observation_fact 
WHERE concept_cd = 'LOINC:8329-5'
AND modifier_cd = '@' ORDER BY encounter_num ASC, import_date DESC) kerntemperatur ON (v.encounter_num = kerntemperatur.encounter_num)

--Labor
LEFT OUTER JOIN (SELECT DISTINCT ON (encounter_num) encounter_num, import_date, 
CASE 
WHEN concept_cd = 'LOINC:26436-6' THEN 'Labor durchgefuehrt'
WHEN concept_cd = 'LOINC:26436-6:NEG' THEN 'Labor nicht durchgefuehrt'
ELSE concept_cd
END AS labor, 
start_date FROM i2b2crcdata.observation_fact WHERE concept_cd LIKE 'LOINC:26436-6%'
AND modifier_cd = '@' ORDER BY encounter_num ASC, import_date DESC) labor ON (v.encounter_num = labor.encounter_num)

--BGA
LEFT OUTER JOIN (SELECT DISTINCT ON (encounter_num) encounter_num, import_date, 
CASE 
WHEN concept_cd = 'LOINC:18767-4' THEN 'BGA durchgefuehrt'
WHEN concept_cd = 'LOINC:18767-4:NEG' THEN 'BGA nicht durchgefuehrt'
ELSE concept_cd
END AS bga,
start_date FROM i2b2crcdata.observation_fact WHERE concept_cd LIKE 'LOINC:18767-4%'
AND modifier_cd = '@' ORDER BY encounter_num ASC, import_date DESC) bga ON (v.encounter_num = bga.encounter_num)

--EKG
LEFT OUTER JOIN (SELECT DISTINCT ON (encounter_num) encounter_num, import_date, 
CASE 
WHEN concept_cd = 'LOINC:34534-8' THEN 'EKG durchgefuehrt'
WHEN concept_cd = 'LOINC:34534-8:NEG' THEN 'EKG nicht durchgefuehrt'
ELSE concept_cd
END AS diagnostik_ekg, 
start_date FROM i2b2crcdata.observation_fact WHERE concept_cd IN ('LOINC:34534-8','LOINC:34534-8:NEG')
AND modifier_cd = '@' ORDER BY encounter_num ASC, import_date DESC) ekg ON (v.encounter_num = ekg.encounter_num)

--Echo
LEFT OUTER JOIN (SELECT DISTINCT ON (encounter_num) encounter_num, import_Date, 
CASE 
WHEN concept_cd = 'LOINC:42148-7' THEN 'Echokardiographie durchgefuehrt'
WHEN concept_cd = 'LOINC:42148-7:NEG' THEN 'Echokardiographie nicht durchgefuehrt'
ELSE concept_cd
END AS echo,
start_date FROM i2b2crcdata.observation_fact WHERE concept_cd LIKE 'LOINC:42148-7%'
AND modifier_cd = '@' ORDER BY encounter_num ASC, import_date DESC) echo ON (v.encounter_num = echo.encounter_num)

--Roentgen_Thorax
LEFT OUTER JOIN (SELECT DISTINCT ON (encounter_num) encounter_num, import_date, 
CASE 
WHEN concept_cd = 'LOINC:30745-4' THEN 'Roengten Thorax durchgefuehrt'
WHEN concept_cd = 'LOINC:30745-4:NEG' THEN 'Roengten Thorax nicht durchgefuehrt'
ELSE concept_cd
END AS roentgen_thorax,
start_date FROM i2b2crcdata.observation_fact WHERE concept_cd LIKE 'LOINC:30745-4%'
AND modifier_cd = '@' ORDER BY encounter_num ASC, import_date DESC) roentgen_thorax ON (v.encounter_num = roentgen_thorax.encounter_num)

--Arztkontakt
LEFT OUTER JOIN (SELECT DISTINCT ON (encounter_num) encounter_num, start_date, import_date FROM i2b2crcdata.observation_fact 
WHERE (concept_cd = 'AKTIN:PHYSENCOUNTER' OR concept_cd = 'AKTIN:ZeitpunktErsterArztkontakt')
AND modifier_cd = '@' ORDER BY encounter_num ASC, import_date DESC) arztkontakt ON (v.encounter_num = arztkontakt.encounter_num)


--Zeitpunkt letztes CDA-Update
LEFT OUTER JOIN (SELECT MAX(update_date) as last_import_ts,sourcesystem_cd FROM i2b2crcdata.observation_fact GROUP BY sourcesystem_cd) last_import ON (v.sourcesystem_cd = last_import.sourcesystem_cd)

--CDA-Templateversion
LEFT OUTER JOIN (SELECT substr(concept_cd,12) as cda_version, encounter_num FROM i2b2crcdata.observation_fact WHERE concept_cd LIKE 'AKTIN:ITTI:%') cda ON (v.encounter_num = cda.encounter_num)

ORDER BY aufnahme_ts;
            
    CREATE TEMPORARY TABLE temp_diag AS 
select DISTINCT

--Postprocessing ID anonymisieren
v.encounter_num, 

substring(diagnose_icd.icd_code from 1 for 5) AS icd_code4,
CASE
WHEN diagnose_fuehrend.diagnose_fuehrend IS NOT NULL THEN 'f'
END AS diagnose_fuehrend,
diagnose_zusatz.diagnose_zusatz

FROM i2b2crcdata.visit_dimension v

--Diagnose
LEFT OUTER JOIN (SELECT encounter_num, import_date, substr(concept_cd,9) AS icd_code
FROM i2b2crcdata.observation_fact 
WHERE concept_cd LIKE 'ICD10GM:%'
AND modifier_cd = '@' ORDER BY encounter_num ASC, import_date DESC) diagnose_icd ON (v.encounter_num = diagnose_icd.encounter_num)

--Diagnose_Fuehrend
LEFT OUTER JOIN (SELECT encounter_num, import_date, concept_cd, substr(concept_cd,9) AS diagnose_fuehrend, modifier_cd 
FROM i2b2crcdata.observation_fact 
WHERE modifier_cd = 'AKTIN:DIAG:F' ORDER BY encounter_num ASC, import_date DESC) diagnose_fuehrend ON (v.encounter_num = diagnose_fuehrend.encounter_num) AND diagnose_icd.icd_code = diagnose_fuehrend.diagnose_fuehrend

--Diagnose_Zusatz
LEFT OUTER JOIN (SELECT encounter_num, substr(concept_cd,9),substr(modifier_cd, 12) AS diagnose_zusatz
    FROM i2b2crcdata.observation_fact
    WHERE modifier_cd = 'AKTIN:DIAG:V' OR modifier_cd = 'AKTIN:DIAG:Z' OR modifier_cd = 'AKTIN:DIAG:A' OR modifier_cd = 'AKTIN:DIAG:G'
    ORDER BY encounter_num ASC, import_date DESC) diagnose_zusatz ON (v.encounter_num = diagnose_zusatz.encounter_num) AND diagnose_icd.icd_code = diagnose_zusatz.substr

ORDER BY v.encounter_num;
            
            ]]>
    </source>
    <anonymize>
        <key table="temp_encounters" column="encounter_num"/>
        <ref table="temp_diag" column="encounter_num"/>
    </anonymize>
    <export table="temp_encounters" destination="rki_data"/>
    <export table="temp_diag" destination="rki_icd"/>
</sql></query></queryRequest>
