<queryRequest xmlns="http://aktin.org/ns/exchange" xmlns:xsi="http://www.w3.org/2001/XMLSchema-instance"><id>1133</id><reference>2022-06-28T22:00:00.000Z</reference><scheduled>2022-06-28T22:00:00.000Z</scheduled><query><title>F2021-018 AKTIN-EZV Feasibility</title><description>Sehr geehrte Damen und Herren,

Sie haben vor kurzer Zeit einen Nachversand von Fällen in Ihr DWH angestoßen bzw. Daten korrigiert. Bitte Testen Sie mit dieser Abfrage den erfolgreichen Import. Zur Vorbereitung mehrerer Forschungsfragen im Rahmen der aktuellen Projektförderung (AKTIN-EZV) möchten wir eine erneute Bestandsaufnahme der Datenlage in Ihrem lokalen Data Warehouse vornehmen.

Dabei geht es u. a. um die Identifikation von geeigneten Kliniken für einzelne Forschungsanfragen, z. B. wenn bestimmte Zeiträume oder das Vorliegen von Diagnosen als Einschlusskriterium vorgegeben sind. Gleichzeitig ist so eine Prüfung der Vollzähligkeit vor dem fakultativen Import von stationären Behandlungsdaten möglich.

Es werden folgende Zahlen seit 01.01.2019 in aggregierter Form zur alleinigen Nutzung im AKTIN Trusted Data Analyzing Center abgefragt:

• Fallzahl pro Tag
• Fallzahl mit gültigem CEDIS-Code (001 bis 998) pro Tag
• Fallzahl mit mindestens einem ICD-Code pro Tag
• Fallzahl von Fällen mit verknüpften Abrechnungsdaten (gem. §21 KHEntgG) pro Tag
    
Es werden keine personenbeziehbaren Daten abgefragt. Die Abfrage wurde dem wissenschaftlichen Gremium zur Kenntnisnahme vorgelegt und genehmigt. Bei technischen Problemen oder Rückfragen können Sie sich an it-support@aktin.org wenden.</description><principal><name>Alexander Kombeiz</name><organisation>AKTIN IT-Team</organisation><email>akombeiz@ukaachen.de</email><phone /><tags><tag>usability</tag></tags></principal><schedule xsi:type="singleExecution"><duration>-P24M</duration></schedule><sql xmlns="http://aktin.org/ns/i2b2/sql"><temporary-table name="temp_data" /><temporary-table name="temp_cases" /><temporary-table name="temp_dd" /><temporary-table name="temp_nd" /><temporary-table name="temp_cc" /><temporary-table name="temp_nc" /><temporary-table name="temp_pc" /><temporary-table name="temp_valid_cedis" /><temporary-table name="temp_pc" /><temporary-table name="temp_p21_icd" /><temporary-table name="temp_P21_ops" /><temporary-table name="temp_P21_fab" /><temporary-table name="temp_feasibility" /><source type="application/sql">	
CREATE TEMPORARY TABLE temp_data AS
SELECT DISTINCT 
v.encounter_num,
date(start_date),
CASE WHEN diagnose_anzahl = '0' THEN 'N' ELSE 'Y' END as diagnosen_aktin,
CASE WHEN diagnose_P21_anzahl = '0' THEN 'N' ELSE 'Y' END as P21_ICD,
CASE WHEN ops_P21_anzahl = '0' THEN 'N' ELSE 'Y' END as P21_OPS,
CASE WHEN FAB_P21_anzahl = '0' THEN 'N' ELSE 'Y' END as P21_FAB,
CASE WHEN p21 like 'p21%' THEN 'Y' ELSE 'N' END as P21_fall,
CASE WHEN cedis = 'Y' THEN 'Y' ELSE 'N' END as cedis,
cedis_code AS valid_cedis

FROM i2b2crcdata.visit_dimension v JOIN i2b2crcdata.patient_dimension p ON (v.patient_num = p.patient_num)
--Select Cedis for every case
LEFT OUTER JOIN (SELECT DISTINCT ON (encounter_num) encounter_num, import_date, provider_id, 
CASE 
WHEN concept_cd = '75322-8:UNK' THEN 'Y' 
WHEN concept_cd = 'CEDIS30:UNK' THEN 'Y'
WHEN concept_cd = '75322-8:OTH' THEN 'Y'
WHEN concept_cd = '75322-8::OTH' THEN 'Y' 
WHEN concept_cd = 'CEDIS30:OTH' THEN 'Y'
WHEN concept_cd = 'CEDIS30::OTH' THEN 'Y'
WHEN concept_cd LIKE '75322-8%' THEN 'Y'
WHEN concept_cd LIKE 'CEDIS%' THEN 'Y'
ELSE 'concept_cd'
END AS cedis,
--Select CEDIS that is not valid
CASE 
WHEN concept_cd = '75322-8:UNK' THEN '999' 
WHEN concept_cd = 'CEDIS30:UNK' THEN '999'
WHEN concept_cd = '75322-8:OTH' THEN '0'
WHEN concept_cd = '75322-8::OTH' THEN '0' 
WHEN concept_cd = 'CEDIS30:OTH' THEN '0'
WHEN concept_cd = 'CEDIS30::OTH' THEN '0'
WHEN concept_cd LIKE '75322-8%' THEN substr(concept_cd,8)
WHEN concept_cd LIKE 'CEDIS%' THEN substr(concept_cd,9) 
ELSE concept_cd
END AS cedis_code 
                 
--Select CEDIS                 
FROM  i2b2crcdata.observation_fact 
WHERE (concept_cd LIKE 'CEDIS%' OR concept_cd LIKE '75322-8%')
AND modifier_cd = '@' ORDER BY encounter_num ASC, import_date DESC) cedis ON (v.encounter_num = cedis.encounter_num)
--Select Diagnoses for AKTIN DATA
LEFT OUTER JOIN (SELECT DISTINCT ON (encounter_num) encounter_num, SUM(diagnose_anzahl)  AS diagnose_anzahl FROM (
SELECT encounter_num, count(*) diagnose_anzahl
FROM i2b2crcdata.observation_fact 
WHERE concept_cd LIKE 'ICD%'
AND modifier_cd = '@' AND provider_id = '@'
GROUP BY encounter_num
UNION 
SELECT encounter_num, '0' diagnose_anzahl
FROM i2b2crcdata.visit_dimension ORDER BY encounter_num ASC) foo
GROUP BY encounter_num ORDER BY encounter_num ASC) diagnose_anzahl ON (v.encounter_num = diagnose_anzahl.encounter_num)
--Select Diagnoses for P21
LEFT OUTER JOIN (SELECT DISTINCT ON (encounter_num) encounter_num, SUM(diagnose_P21_anzahl)  AS diagnose_P21_anzahl FROM (
SELECT encounter_num, count(*) diagnose_P21_anzahl
FROM i2b2crcdata.observation_fact 
WHERE concept_cd LIKE 'ICD%'
AND modifier_cd = '@' AND provider_id = 'P21'
GROUP BY encounter_num
UNION 
SELECT encounter_num, '0' diagnose_P21_anzahl
FROM i2b2crcdata.visit_dimension ORDER BY encounter_num ASC) foo
GROUP BY encounter_num ORDER BY encounter_num ASC) diagnose_P21_anzahl ON (v.encounter_num = diagnose_P21_anzahl.encounter_num)
--Select OPS for AKTIN DATA
LEFT OUTER JOIN (SELECT DISTINCT ON (encounter_num) encounter_num, SUM(ops_P21_anzahl)  AS ops_P21_anzahl FROM (
SELECT encounter_num, count(*) ops_P21_anzahl
FROM i2b2crcdata.observation_fact 
WHERE concept_cd LIKE 'OPS%'
AND modifier_cd = '@' AND provider_id = 'P21'
GROUP BY encounter_num
UNION 
SELECT encounter_num, '0' ops_P21_anzahl
FROM i2b2crcdata.visit_dimension ORDER BY encounter_num ASC) foo
GROUP BY encounter_num ORDER BY encounter_num ASC) ops_P21_anzahl ON (v.encounter_num = ops_P21_anzahl.encounter_num)

--Select FAB for AKTIN DATA
LEFT OUTER JOIN (SELECT DISTINCT ON (encounter_num) encounter_num, SUM(FAB_P21_anzahl)  AS FAB_P21_anzahl FROM (
SELECT encounter_num, count(*) FAB_P21_anzahl
FROM i2b2crcdata.observation_fact 
WHERE concept_cd LIKE 'P21:DEP'
AND modifier_cd = '@' AND provider_id = 'P21'
GROUP BY encounter_num
UNION 
SELECT encounter_num, '0' FAB_P21_anzahl
FROM i2b2crcdata.visit_dimnsion ORDER BY encounter_num ASC) foo
GROUP BY encounter_num ORDER BY encounter_num ASC) FAB_P21_anzahl ON (v.encounter_num = FAB_P21_anzahl.encounter_num)

--Import Script ID
LEFT OUTER JOIN (SELECT DISTINCT ON (encounter_num) encounter_num, import_date, 
CASE 
WHEN concept_cd like 'P21%' THEN tval_char
ELSE concept_cd 
END AS p21 FROM i2b2crcdata.observation_fact WHERE concept_cd LIKE 'P21%'
AND modifier_cd = 'scriptId' ORDER BY encounter_num ASC, import_date DESC) p21 ON (v.encounter_num = p21.encounter_num);

--count unique events from count_cases.sql. Creat temporary tables for better performance.
CREATE TEMPORARY TABLE temp_cases AS SELECT date, COUNT(DATE(date)) AS CASES FROM temp_data td GROUP BY date;
CREATE TEMPORARY TABLE temp_dd AS SELECT date, diagnosen_aktin, COUNT(DATE(date)) AS CASES FROM temp_data td GROUP BY date, diagnosen_aktin HAVING diagnosen_aktin = 'Y';
CREATE TEMPORARY TABLE temp_nd AS SELECT date, diagnosen_aktin, COUNT(DATE(date)) AS CASES FROM temp_data td GROUP BY date, diagnosen_aktin HAVING diagnosen_aktin = 'N';
CREATE TEMPORARY TABLE temp_cc AS SELECT date, cedis, COUNT(DATE(date)) AS CASES FROM temp_data td GROUP BY date, cedis HAVING cedis = 'Y';
CREATE TEMPORARY TABLE temp_nc AS SELECT date, cedis, COUNT(DATE(date)) AS CASES FROM temp_data td GROUP BY date, cedis HAVING cedis = 'N';

--Updated 111021
CREATE TEMPORARY TABLE temp_valid_cedis AS SELECT date, valid_cedis, COUNT(DATE(date)) AS CASES FROM temp_data td GROUP BY date, valid_cedis HAVING valid_cedis = 'Y';
CREATE TEMPORARY TABLE temp_pc AS SELECT date, P21_fall, COUNT(DATE(date)) AS CASES FROM temp_data td GROUP BY date, P21_fall HAVING P21_fall = 'Y';
CREATE TEMPORARY TABLE temp_p21_icd AS SELECT date, p21_icd, COUNT(DATE(date)) AS CASES FROM temp_data td GROUP BY date, p21_icd HAVING p21_icd = 'Y';
CREATE TEMPORARY TABLE temp_P21_ops AS SELECT date, p21_ops, COUNT(DATE(date)) AS CASES FROM temp_data td GROUP BY date, p21_ops HAVING p21_ops = 'Y';
CREATE TEMPORARY TABLE temp_P21_fab AS SELECT date, p21_fab, COUNT(DATE(date)) AS CASES FROM temp_data td GROUP BY date, p21_fab HAVING p21_fab = 'Y';

--Join to final Table
CREATE TEMPORARY TABLE temp_feasibility AS 

--Updated 111021
SELECT DISTINCT date, cases AS total_faelle, Diagnose_vorhanden, Keine_Diagnose, cedis_vorhanden, valid_cedis, p21_fall, p21_icd, p21_ops, p21_fab  FROM temp_cases
left outer join (select distinct date as dates, cases as Diagnose_vorhanden from temp_dd) cases on temp_cases.date = cases.dates
left outer join (select distinct date as dates, cases as Keine_Diagnose from temp_nd) nd on temp_cases.date = nd.dates
left outer join (select distinct date as dates, cases as cedis_vorhanden from temp_cc) cc on temp_cases.date = cc.dates

--Updated 111021
left outer join (select distinct date as dates, cases as valid_cedis from temp_valid_cedis) valid_cedis on temp_cases.date = valid_cedis.dates
left outer join (select distinct date as dates, cases as p21_fall from temp_pc) p21_fall on temp_cases.date = p21_fall.dates
left outer join (select distinct date as dates, cases as p21_icd from temp_p21_icd) p21_icd on temp_cases.date = p21_icd.dates
left outer join (select distinct date as dates, cases as p21_ops from temp_p21_ops) p21_ops on temp_cases.date = p21_ops.dates
left outer join (select distinct date as dates, cases as p21_fab from temp_p21_fab) p21_fab on temp_cases.date = p21_fab.dates
ORDER BY date;
</source>
<export table="temp_feasibility" destination="feasibility" /></sql></query></queryRequest>
