<queryRequest xmlns="http://aktin.org/ns/exchange" xmlns:xsi="http://www.w3.org/2001/XMLSchema-instance"><id>1134</id><reference>2021-07-16T16:51:00.000Z</reference><scheduled>2021-07-15T22:00:00.000Z</scheduled><query><title>ENQ Datenabfrage Lfd Nr. 3</title><description>Sehr geehrte Damen und Herren,

das Forschungsprojekt Evaluierung der Qualitätsindikatoren (QI) von Notaufnahmen, kurz ENQ, dient der Validierung von Indikatoren für die Beschreibung der Versorgungsqualität in Notaufnahmen. Bei Ihnen im Hause wurden im Jahr 2019 Daten für die ENQ Studie erhoben und 2020 abgefragt. Die für die Studie benötigten Daten sollen nun erneut abgefragt werden, um Datenlücken zu schließen.  Die Daten werden anschließend mit Routinedaten der Techniker Krankenkasse auf Individualebene verknüpft. Zusätzlich werden Daten über die gesundheitsbezogene Lebensqualität (patient reported outcome), die aus einer Patientenbefragung stammen, verknüpft. Aus dieser Datenbasis, die den Verlauf der Notfallversorgung auf Ebene der Versicherten und Leistungserbringer übergreifend sichtbar macht, werden QI abgeleitet, die als Grundlage für Verbesserungen bei Organisation, Finanzierung, Anreizen und Folgen der Notfallversorgung dienen sollen. Die Abfrage erstreckt sich über die Stationären Abrechnungsdaten (gem. §21 KHEntgG) aller Patienten aus dem Kalenderjahr 2019, die im Consent-Manager für die ENQ-Studie registriert wurden. Abgefragt werden die Inhalte der Tabellen:

• FALL
• FAB
• OPS
• ICD

Die Daten werden in der ENQ Vertrauensstelle verknüpft und an das Institut für Sozialmedizin und Gesundheitsökonomie der Max-Mustermann Universität Musterstadt weitergeleitet. Dort werden die Daten pseudonymisiert ausgewertet. Eine umfassende Datensatzbeschreibung finden Sie im Datenschutzkonzept des Projekts.

Die Übertragung der Daten ist durch die Einwilligungserklärung abgedeckt und es werden nur Informationen übermittelt, wenn eine Registrierung der Patienten nach Einholung der Einwilligung im Consent-Manager vorliegt. Die Abfrage wurde positiv vom wissenschaftlichen Gremium (DUAC) bewertet. Das Institut für Sozialmedizin und Gesundheitsökonomie der Max-Mustermann Universität Musterstadt ist eine Auswertestelle für das ENQ Projekt im Sinne des AKTIN Datenschutzkonzepts. Bei technischen Problemen oder Rückfragen können Sie sich an it-support@aktin.org wenden.</description><principal><name>Alexander Kombeiz</name><organisation>AKTIN IT-Team</organisation><email>akombeiz@ukaachen.de</email><phone /><tags><tag>usability</tag></tags></principal><schedule xsi:type="singleExecution"><duration>-P24M</duration></schedule><sql xmlns="http://aktin.org/ns/i2b2/sql"><temporary-table name="temp_sicdata" /><temporary-table name="temp_fall" /><temporary-table name="temp_OPS" /><temporary-table name="temp_ICD" /><temporary-table name="temp_FAB" /><source type="application/sql"><![CDATA[


CREATE TEMPORARY TABLE temp_sicdata AS
SELECT study_subject_id, visit_n.encounter_num FROM i2b2crcdata.optinout_patients opt
LEFT OUTER JOIN i2b2crcdata.patient_mapping pat
ON opt.pat_psn = pat.patient_ide
LEFT OUTER JOIN i2b2crcdata.visit_dimension visit_n
ON (visit_n.patient_num = pat.patient_num)
WHERE opt.study_id='ENQUIRE' AND opt.optinout ='I' AND opt.pat_ref='PAT';


INSERT INTO temp_sicdata
SELECT study_subject_id, visit_n.encounter_num FROM i2b2crcdata.optinout_patients opt
LEFT OUTER JOIN i2b2crcdata.encounter_mapping enc
ON opt.pat_psn = enc.encounter_ide
LEFT OUTER JOIN i2b2crcdata.visit_dimension visit 
ON (visit.encounter_num = enc.encounter_num)
LEFT OUTER JOIN i2b2crcdata.visit_dimension visit_n 
ON (visit.patient_num = visit_n.patient_num)
WHERE opt.study_id='ENQUIRE' AND opt.optinout ='I' AND opt.pat_ref='ENC';


INSERT INTO temp_sicdata
SELECT study_subject_id, visit_n.encounter_num FROM i2b2crcdata.optinout_patients opt
LEFT OUTER JOIN (SELECT DISTINCT patient_num,tval_char FROM i2b2crcdata.observation_fact
WHERE concept_cd = 'AKTIN:Fallkennzeichen') pat
ON opt.pat_psn = pat.tval_char
LEFT OUTER JOIN i2b2crcdata.visit_dimension visit_n 
ON (pat.patient_num = visit_n.patient_num)
WHERE opt.study_id='ENQUIRE' AND opt.optinout ='I' AND opt.pat_ref='BIL';


CREATE TEMPORARY TABLE temp_fall AS 
select DISTINCT

v.encounter_num,
sicdata.study_subject_id as SIC,

P21_IK_Krankenkasse,
P21_Geburtsjahr,
P21_Geschlecht,
P21_PLZ,
P21_Aufnahmedatum,
P21_Aufnahmegrund,
P21_Aufnahmeanlass,
P21_Fallzusammenführung,
P21_Fallzusammenführungsgrund,
P21_Verweildauer_intensiv,
P21_Entlassungsdatum,
P21_Entlassungsgrund,
P21_Beatmungsstunden,
P21_Behandlungsbeginn_vorstationär,
P21_Behandlungstage_vorstationär,
P21_Behandlungsende_nachstationär,
P21_Behandlungstage_nachstationär



FROM i2b2crcdata.visit_dimension v JOIN i2b2crcdata.patient_dimension p ON (v.patient_num = p.patient_num)
JOIN temp_sicdata sicdata on (v.encounter_num = sicdata.encounter_num)


--P21_IK_Krankenkasse
LEFT OUTER JOIN (SELECT DISTINCT ON (encounter_num) encounter_num, import_date, provider_id, start_date,
tval_char as P21_IK_Krankenkasse,
start_date FROM i2b2crcdata.observation_fact WHERE concept_cd LIKE 'AKTIN:IKNR%' AND provider_id = 'P21'
AND modifier_cd = '@' ORDER BY encounter_num ASC, import_date DESC) P21_IK_Krankenkasse ON (v.encounter_num = P21_IK_Krankenkasse.encounter_num)

--P21_Geburtsjahr
LEFT OUTER JOIN (SELECT DISTINCT ON (encounter_num) encounter_num, import_date, round(nval_num) AS P21_Geburtsjahr 
FROM i2b2crcdata.observation_fact 
WHERE concept_cd = 'LOINC:80904-6' AND provider_id = 'P21'
AND modifier_cd = '@' ORDER BY encounter_num ASC, import_date DESC) P21_Geburtsjahr ON (v.encounter_num = P21_Geburtsjahr.encounter_num)

--P21_Geschlecht
LEFT OUTER JOIN (SELECT DISTINCT ON (encounter_num) encounter_num, import_date, 
substr(concept_cd,9)  as P21_Geschlecht,
start_date FROM i2b2crcdata.observation_fact WHERE concept_cd LIKE 'P21:SEX:%'
AND modifier_cd = '@' ORDER BY encounter_num ASC, import_date DESC) P21_Geschlecht ON (v.encounter_num = P21_Geschlecht.encounter_num)


--P21_PLZ
LEFT OUTER JOIN (SELECT DISTINCT ON (encounter_num) encounter_num, import_date, cast(round(nval_num) AS VARCHAR) AS P21_PLZ
FROM i2b2crcdata.observation_fact 
WHERE concept_cd = 'AKTIN:ZIPCODE' AND provider_id = 'P21'
AND modifier_cd = '@' ORDER BY encounter_num ASC, import_date DESC) P21_PLZ ON (v.encounter_num = P21_PLZ.encounter_num)

--P21_Aufnahmedatum
LEFT OUTER JOIN (SELECT DISTINCT ON (encounter_num) encounter_num, import_date, provider_id, start_date,
start_date as P21_Aufnahmedatum,
start_date FROM i2b2crcdata.observation_fact WHERE concept_cd = 'P21:ADMC:E'
AND modifier_cd = '@' ORDER BY encounter_num ASC, import_date DESC) P21_Aufnahmedatum ON (v.encounter_num = P21_Aufnahmedatum.encounter_num)

--P21_Aufnahmegrund 
LEFT OUTER JOIN (SELECT DISTINCT ON (encounter_num) encounter_num, import_date, 
substr(concept_cd,10)  as P21_Aufnahmegrund,
start_date FROM i2b2crcdata.observation_fact WHERE concept_cd LIKE 'P21_ADMR%' AND provider_id = 'P21'
AND modifier_cd = '@' ORDER BY encounter_num ASC, import_date DESC) P21_Aufnahmegrund ON (v.encounter_num = P21_Aufnahmegrund.encounter_num)


--P21_Aufnahmeanlass ADMC      
LEFT OUTER JOIN (SELECT DISTINCT ON (encounter_num) encounter_num, import_date, 
substr(concept_cd,10)  as P21_Aufnahmeanlass,
start_date FROM i2b2crcdata.observation_fact WHERE concept_cd LIKE 'P21_ADMC%' AND provider_id = 'P21'
AND modifier_cd = '@' ORDER BY encounter_num ASC, import_date DESC) P21_Aufnahmeanlass ON (v.encounter_num = P21_Aufnahmeanlass.encounter_num)


--P21_Fallzusammenführung 
LEFT OUTER JOIN (SELECT DISTINCT ON (encounter_num) encounter_num, import_date, 
CASE 
WHEN concept_cd like 'P21:MERGE:%' THEN 'J'
WHEN concept_cd = 'P21:MERGE:N' THEN 'N'
ELSE 'N'
END AS P21_Fallzusammenführung,
start_date FROM i2b2crcdata.observation_fact WHERE concept_cd LIKE 'P21:MERGE%'
AND modifier_cd = '@' ORDER BY encounter_num ASC, import_date DESC) P21_Fallzusammenführung ON (v.encounter_num = P21_Fallzusammenführung.encounter_num)


--P21_Fallzusammenführungsgrund
LEFT OUTER JOIN (SELECT DISTINCT ON (encounter_num) encounter_num, import_date, 
substr(concept_cd,11)  as P21_Fallzusammenführungsgrund,
start_date FROM i2b2crcdata.observation_fact WHERE concept_cd LIKE 'P21:MERGE%' AND provider_id = 'P21'
AND modifier_cd = '@' ORDER BY encounter_num ASC, import_date DESC) P21_Fallzusammenführungsgrund ON (v.encounter_num = P21_Fallzusammenführungsgrund.encounter_num)


--P21_Verweildauer_intensiv
LEFT OUTER JOIN (SELECT DISTINCT ON (encounter_num) encounter_num, import_date, round(nval_num) AS P21_Verweildauer_intensiv
FROM i2b2crcdata.observation_fact 
WHERE concept_cd = 'P21:DCC' AND provider_id = 'P21'
AND modifier_cd = '@' ORDER BY encounter_num ASC, import_date DESC) P21_Verweildauer_intensiv ON (v.encounter_num = P21_Verweildauer_intensiv.encounter_num)

--P21_Entlassungsdatum
LEFT OUTER JOIN (SELECT DISTINCT ON (encounter_num) encounter_num, import_date, provider_id, start_date,
start_date as P21_Entlassungsdatum,
start_date FROM i2b2crcdata.observation_fact WHERE concept_cd like 'P21:DISR:%' AND provider_id = 'P21'
AND modifier_cd = '@' ORDER BY encounter_num ASC, import_date DESC) P21_Entlassungsdatum ON (v.encounter_num = P21_Entlassungsdatum.encounter_num)


--P21_Entlassungsgrund
LEFT OUTER JOIN (SELECT DISTINCT ON (encounter_num) encounter_num, import_date, 
substr(concept_cd,10)  as P21_Entlassungsgrund,
start_date FROM i2b2crcdata.observation_fact WHERE concept_cd LIKE 'P21:DISR:%' AND provider_id = 'P21'
AND modifier_cd = '@' ORDER BY encounter_num ASC, import_date DESC) P21_Entlassungsgrund ON (v.encounter_num = P21_Entlassungsgrund.encounter_num)


--P21_Beatmungsstunden
LEFT OUTER JOIN (SELECT DISTINCT ON (encounter_num) encounter_num, import_date, nval_num AS P21_Beatmungsstunden
FROM i2b2crcdata.observation_fact 
WHERE concept_cd = 'P21:DV' AND provider_id = 'P21'
AND modifier_cd = '@' ORDER BY encounter_num ASC, import_date DESC) P21_Beatmungsstunden ON (v.encounter_num = P21_Beatmungsstunden.encounter_num)

--P21_Behandlungsbeginn_vorstationär
LEFT OUTER JOIN (SELECT DISTINCT ON (encounter_num) encounter_num, import_date, provider_id, start_date,
start_date as P21_Behandlungsbeginn_vorstationär,
start_date FROM i2b2crcdata.observation_fact WHERE concept_cd LIKE 'P21:PREADM%' AND provider_id = 'P21'
AND modifier_cd = '@' ORDER BY encounter_num ASC, import_date DESC) P21_Behandlungsbeginn_vorstationär ON (v.encounter_num = P21_Behandlungsbeginn_vorstationär.encounter_num)

--P21_Behandlungstage_vorstationär
LEFT OUTER JOIN (SELECT DISTINCT ON (encounter_num) encounter_num, import_date, round(nval_num) AS P21_Behandlungstage_vorstationär
FROM i2b2crcdata.observation_fact 
WHERE concept_cd = 'P21:PREADM' AND provider_id = 'P21'
AND modifier_cd = '@' ORDER BY encounter_num ASC, import_date DESC) P21_Behandlungstage_vorstationär ON (v.encounter_num = P21_Behandlungstage_vorstationär.encounter_num)

--P21_Behandlungsende_nachstationär
LEFT OUTER JOIN (SELECT DISTINCT ON (encounter_num) encounter_num, import_date, provider_id, start_date,
start_date as P21_Behandlungsende_nachstationär,
start_date FROM i2b2crcdata.observation_fact WHERE concept_cd LIKE 'P21:POSTDIS%' AND provider_id = 'P21'
AND modifier_cd = '@' ORDER BY encounter_num ASC, import_date DESC) P21_Behandlungsende_nachstationär ON (v.encounter_num = P21_Behandlungsende_nachstationär.encounter_num)

--P21_Behandlungstage_nachstationär
LEFT OUTER JOIN (SELECT DISTINCT ON (encounter_num) encounter_num, import_date, round(nval_num) AS P21_Behandlungstage_nachstationär
FROM i2b2crcdata.observation_fact 
WHERE concept_cd = 'P21:POSTDIS' AND provider_id = 'P21'
AND modifier_cd = '@' ORDER BY encounter_num ASC, import_date DESC) P21_Behandlungstage_nachstationär ON (v.encounter_num = P21_Behandlungstage_nachstationär.encounter_num)

--provider_id
LEFT OUTER JOIN (SELECT DISTINCT ON (encounter_num) encounter_num, import_date, provider_id as pid, start_date
FROM i2b2crcdata.observation_fact  ORDER BY encounter_num ASC, import_date DESC) provider_id ON (v.encounter_num = provider_id.encounter_num)

-- Filter for Provider ID
WHERE pid = 'P21';

CREATE TEMPORARY TABLE temp_FAB AS 
select DISTINCT

v.encounter_num,
sicdata.study_subject_id as SIC,
P21_Fachabteilung,
P21_FAB_Aufnahmedatum,
P21_FAB_Entlassungsdatum,
P21_Kennung_Intensivbett

FROM i2b2crcdata.visit_dimension v JOIN i2b2crcdata.patient_dimension p ON (v.patient_num = p.patient_num)
JOIN temp_sicdata sicdata on (v.encounter_num = sicdata.encounter_num)
--P21_Fachabteilung
LEFT OUTER JOIN (SELECT DISTINCT ON (encounter_num) encounter_num, import_date, provider_id, start_date,
tval_char as P21_Fachabteilung,
start_date FROM i2b2crcdata.observation_fact WHERE concept_cd LIKE 'P21:DEP%' AND provider_id = 'P21'
AND modifier_cd = '@' ORDER BY encounter_num ASC, import_date DESC) P21_Fachabteilung ON (v.encounter_num = P21_Fachabteilung.encounter_num)

--P21_FAB_Aufnahmedatum
LEFT OUTER JOIN (SELECT DISTINCT ON (encounter_num) encounter_num, import_date, provider_id, start_date,
start_date as P21_FAB_Aufnahmedatum,
start_date FROM i2b2crcdata.observation_fact WHERE concept_cd LIKE 'P21:DEP%' AND provider_id = 'P21'
AND modifier_cd = '@' ORDER BY encounter_num ASC, import_date DESC) P21_FAB_Aufnahmedatum ON (v.encounter_num = P21_FAB_Aufnahmedatum.encounter_num)

--P21_FAB-Entlassungsdatum
LEFT OUTER JOIN (SELECT DISTINCT ON (encounter_num) encounter_num, import_date, provider_id, end_date,
end_date as P21_FAB_Entlassungsdatum,
end_date FROM i2b2crcdata.observation_fact WHERE concept_cd = 'P21:DEP:%' AND provider_id = 'P21'
AND modifier_cd = '@' ORDER BY encounter_num ASC, import_date DESC) P21_FAB_Entlassungsdatum ON (v.encounter_num = P21_FAB_Entlassungsdatum.encounter_num)

--P21_Kennung_Intensivbett offen, alex fragen
LEFT OUTER JOIN (SELECT DISTINCT ON (encounter_num) encounter_num, import_date, 
CASE 
WHEN concept_cd = 'P21:DEP:J' THEN 'J'
WHEN concept_cd = 'P21:DEP:N' THEN 'N'
ELSE 'N'
END AS P21_Kennung_Intensivbett,
start_date FROM i2b2crcdata.observation_fact WHERE concept_cd LIKE 'P21:DEP:%'
AND modifier_cd = '@' ORDER BY encounter_num ASC, import_date DESC) P21_Kennung_Intensivbett ON (v.encounter_num = P21_Kennung_Intensivbett.encounter_num)

--provider_id
LEFT OUTER JOIN (SELECT DISTINCT ON (encounter_num) encounter_num, import_date, provider_id as pid, start_date
FROM i2b2crcdata.observation_fact  ORDER BY encounter_num ASC, import_date DESC) provider_id ON (v.encounter_num = provider_id.encounter_num)

-- Filter for Provider ID
WHERE pid = 'P21';



CREATE TEMPORARY TABLE temp_ICD AS 
select DISTINCT

v.encounter_num,
sicdata.study_subject_id as SIC,

P21_Diagnoseart,
P21_ICD_Version,
P21_ICD_Kode,
P21_ICD_Lokalisation,
P21_Diagnosensicherheit



FROM i2b2crcdata.visit_dimension v JOIN i2b2crcdata.patient_dimension p ON (v.patient_num = p.patient_num)
JOIN temp_sicdata sicdata on (v.encounter_num = sicdata.encounter_num)

--P21_Diagnoseart
LEFT OUTER JOIN (SELECT DISTINCT ON (encounter_num) encounter_num, import_date, provider_id, start_date,
tval_char as P21_Diagnoseart,
start_date FROM i2b2crcdata.observation_fact WHERE concept_cd LIKE 'ICD10GM:%' AND provider_id = 'P21'
AND modifier_cd = 'diag_type' ORDER BY encounter_num ASC, import_date DESC) P21_Diagnoseart ON (v.encounter_num = P21_Diagnoseart.encounter_num)

--P21_ICD_Version
LEFT OUTER JOIN (SELECT DISTINCT ON (encounter_num) encounter_num, import_date, provider_id, start_date,
tval_char as P21_ICD_Version,
start_date FROM i2b2crcdata.observation_fact WHERE concept_cd LIKE 'ICD10GM:%' AND provider_id = 'P21'
AND modifier_cd = 'cdVersion' ORDER BY encounter_num ASC, import_date DESC) P21_ICD_Version ON (v.encounter_num = P21_ICD_Version.encounter_num)

--P21_ICD_Kode
LEFT OUTER JOIN (SELECT DISTINCT ON (encounter_num) encounter_num, import_date, 
substr(concept_cd,10) as P21_ICD_Kode,
start_date FROM i2b2crcdata.observation_fact WHERE concept_cd LIKE 'ICD10GM:%' AND provider_id = 'P21'
AND modifier_cd = '@' ORDER BY encounter_num ASC, import_date DESC) P21_ICD_Kode ON (v.encounter_num = P21_ICD_Kode.encounter_num)

--P21_ICD_Lokalisation
LEFT OUTER JOIN (SELECT DISTINCT ON (encounter_num) encounter_num, import_date, provider_id, start_date,
tval_char as P21_ICD_Lokalisation,
start_date FROM i2b2crcdata.observation_fact WHERE concept_cd LIKE 'ICD10GM:%' AND provider_id = 'P21'
AND modifier_cd = 'localisation' ORDER BY encounter_num ASC, import_date DESC) P21_ICD_Lokalisation ON (v.encounter_num = P21_ICD_Lokalisation.encounter_num)

--P21_Diagnosensicherheit
LEFT OUTER JOIN (SELECT DISTINCT ON (encounter_num) encounter_num, import_date, provider_id, start_date,
tval_char as P21_Diagnosensicherheit,
start_date FROM i2b2crcdata.observation_fact WHERE concept_cd LIKE 'ICD10GM:%' AND provider_id = 'P21'
AND modifier_cd = 'certainty' ORDER BY encounter_num ASC, import_date DESC) P21_Diagnosensicherheit ON (v.encounter_num = P21_Diagnosensicherheit.encounter_num)

--provider_id
LEFT OUTER JOIN (SELECT DISTINCT ON (encounter_num) encounter_num, import_date, provider_id as pid, start_date
FROM i2b2crcdata.observation_fact  ORDER BY encounter_num ASC, import_date DESC) provider_id ON (v.encounter_num = provider_id.encounter_num)

-- Filter for Provider ID
WHERE pid = 'P21';




CREATE TEMPORARY TABLE temp_OPS AS 
select DISTINCT

v.encounter_num,
sicdata.study_subject_id as SIC,



P21_OPS_Version,
P21_OPS_Kode,
P21_OPS_Lokalisation,
P21_OPS_Datum
FROM i2b2crcdata.visit_dimension v JOIN i2b2crcdata.patient_dimension p ON (v.patient_num = p.patient_num)
JOIN temp_sicdata sicdata on (v.encounter_num = sicdata.encounter_num)
--P21_OPS_Version
LEFT OUTER JOIN (SELECT DISTINCT ON (encounter_num) encounter_num, import_date, provider_id, start_date,
tval_char as P21_OPS_Version,
start_date FROM i2b2crcdata.observation_fact WHERE concept_cd LIKE 'OPS:%' AND provider_id = 'P21'
AND modifier_cd = 'cdVersion' ORDER BY encounter_num ASC, import_date DESC) P21_OPS_Version ON (v.encounter_num = P21_OPS_Version.encounter_num)


--P21_OPS_Kode
LEFT OUTER JOIN (SELECT DISTINCT ON (encounter_num) encounter_num, import_date, 
substr(concept_cd,10) as P21_OPS_Kode,
start_date FROM i2b2crcdata.observation_fact WHERE concept_cd LIKE 'OPS:%' AND provider_id = 'P21'
AND modifier_cd = '@' ORDER BY encounter_num ASC, import_date DESC) P21_OPS_Kode ON (v.encounter_num = P21_OPS_Kode.encounter_num)

--P21_OPS_Lokalisation
LEFT OUTER JOIN (SELECT DISTINCT ON (encounter_num) encounter_num, import_date, provider_id, start_date,
tval_char as P21_OPS_Lokalisation,
start_date FROM i2b2crcdata.observation_fact WHERE concept_cd LIKE 'OPS:%' AND provider_id = 'P21'
AND modifier_cd = 'localisation' ORDER BY encounter_num ASC, import_date DESC) P21_OPS_Lokalisation ON (v.encounter_num = P21_OPS_Lokalisation.encounter_num)

--P21_OPS_Datum
LEFT OUTER JOIN (SELECT DISTINCT ON (encounter_num) encounter_num, import_date, provider_id, start_date,
start_date as P21_OPS_Datum,
start_date FROM i2b2crcdata.observation_fact WHERE concept_cd LIKE 'OPS:%' AND provider_id = 'P21'
AND modifier_cd = '@' ORDER BY encounter_num ASC, import_date DESC) P21_OPS_Datum ON (v.encounter_num = P21_OPS_Datum.encounter_num)

--provider_id
LEFT OUTER JOIN (SELECT DISTINCT ON (encounter_num) encounter_num, import_date, provider_id as pid, start_date
FROM i2b2crcdata.observation_fact  ORDER BY encounter_num ASC, import_date DESC) provider_id ON (v.encounter_num = provider_id.encounter_num)

-- Filter for Provider ID
WHERE pid = 'P21';
]]></source><anonymize><ref table="temp_OPS" column="encounter_num" /><ref table="temp_ICD" column="encounter_num" /><ref table="temp_FAB" column="encounter_num" /><key table="temp_fall" column="encounter_num" /></anonymize><export table="temp_fall" destination="FALL" /><export table="temp_OPS" destination="OPS" /><export table="temp_ICD" destination="ICD" /><export table="temp_FAB" destination="FAB" /></sql></query></queryRequest>
