<?xml version="1.0" encoding="UTF-8"?>

<?xml-model href="../../../../../src/main/resources/schematron/aktin-basism20152b.sch" type="application/xml" schematypens="http://purl.oclc.org/dsdl/schematron"?>
<ClinicalDocument xmlns="urn:hl7-org:v3" xmlns:xsi="http://www.w3.org/2001/XMLSchema-instance" xmlns:sdtc="urn:hl7-org:sdtc" xsi:schemaLocation="urn:hl7-org:v3 ../../../../../cda_basismodul/CDA.xsd">
    <!--
        CDA Header
    -->
    <!-- Realmcode (fix) -->
    <realmCode code="DE"/>
    <!-- Type Id (fix) -->
    <typeId root="2.16.840.1.113883.1.3" extension="POCD_HD000040"/>
    <!-- Template Id (fix) -->
    <templateId root="1.2.276.0.76.10.1019"/>
    <!-- Identifikation des Dokuments -->
    <id root="1.2.276.0.76.4.17.9814184919" extension="14025fda-3f25-4c64-8883-4f7e6cabc0b6"/>
    <!-- Fixer Dokumententype-Code -->
    <code code="68552-9" codeSystem="2.16.840.1.113883.6.1" codeSystemName="LOINC" displayName="Emergency medicine Note"/>
    <title>CDA Aktin E2E Verifikation Testfall: test2 </title>
    <!-- Datum und Zeit der Erstellung -->
    <effectiveTime value="20200620163300"/>
    <!-- Vertraulichkeitsstufe -->
    <confidentialityCode code="N" codeSystem="2.16.840.1.113883.5.25"/>
    <!-- Sprache und Länderkennung -->
    <languageCode code="de-DE"/>
    <!-- Set-ID und Versionsnummer des Dokuments -->
    <setId root="1.2.276.0.76.4.17.9814184919" extension="0ff0f2d6-ddc2-4300-a5e6-b0aecd1a7dcf"/>
    <versionNumber value="1"/>

    <!-- Patient -->
    <recordTarget typeCode="RCT" contextControlCode="OP">
        <patientRole classCode="PAT">
            <!-- Identifikation -->
            <id extension="P1004" root="1.2.276.0.76.4.8"/>
            <!-- Adresse -->
            <addr>
                <streetAddressLine>Bahnhoftstr 1</streetAddressLine>
                <postalCode>02000</postalCode>
                <city>Musterstadt</city>
            </addr>
            <telecom use="H" value="tel:+43.1.40400"/>
            <telecom use="MC" value="tel:+43.664.1234567"/>
            <telecom value="mailto:max.mustermann@provider.de"/>
            <patient classCode="PSN" determinerCode="INSTANCE">
                <!-- Name -->
                <name>
                    <given> Vorname: Charlie</given>
                    <family>Nachname: AKTIN Test</family>
                </name>
                <!--Geschlecht -->
                <!--<administrativeGenderCode code="#Gender#" codeSystem="2.16.840.1.113883.5.1"/>-->
                <administrativeGenderCode code="UN" codeSystem="2.16.840.1.113883.5.1"  displayName="Undifferentiated"  />
                <!-- Geburtsdatum -->
                <birthTime value="19950819"/>
            </patient>
        </patientRole>
    </recordTarget>

    <!-- Author, nötig im CDA, aber für Testcases irrelevant -->
    <author typeCode="AUT" contextControlCode="OP">
        <time value="20200620160900"/>
        <assignedAuthor classCode="ASSIGNED">
            <id root="1.2.276.0.76.3.2.123456789"/>
            <assignedPerson classCode="PSN" determinerCode="INSTANCE">
                <name>
                    <prefix>Dr. med. </prefix>
                    <given>Donald</given>
                    <family>Duck</family>
                </name>
            </assignedPerson>
            <representedOrganization classCode="ORG" determinerCode="INSTANCE">
                <id root="1.2.276.0.76.4.17" extension="9814184919"/>
                <name>Städtisches Klinikum Entenhausen</name>
            </representedOrganization>
        </assignedAuthor>
    </author>
    <author typeCode="AUT" contextControlCode="OP">
        <time value="20150131145900"/>
        <assignedAuthor classCode="ASSIGNED">
            <id root="1.2.276.0.76.3.2.234567891"/>
            <assignedPerson classCode="PSN" determinerCode="INSTANCE">
                <name>
                    <given>Daisy</given>
                    <family>Duck</family>
                </name>
            </assignedPerson>
            <representedOrganization classCode="ORG" determinerCode="INSTANCE">
                <id root="1.2.276.0.76.4.17" extension="9814184919"/>
                <id root="1.2.276.0.76.4.17" extension="9814184920"/>
                <name>Städtisches Klinikum Entenhausen</name>
                <telecom use="H" value="tel:+43.1.40400"/>
                <telecom use="MC" value="tel:+43.664.1234567"/>
                <addr>
                    <streetAddressLine>Entenstraße 22</streetAddressLine>
                    <postalCode>99999</postalCode>
                    <city>Entenhausen</city>
                </addr>

            </representedOrganization>
        </assignedAuthor>
    </author>

    <!-- Verwaltungsorganisation des Dokuments -->
    <custodian>
        <assignedCustodian>
            <representedCustodianOrganization>
                <id root="1.2.276.0.76.4.17" extension="9814184919"/>
                <id root="1.2.276.0.76.4.17" extension="9814184920"/>
                <name>Städtisches Klinikum München GmbH</name>
                <telecom use="H" value="tel:+43.1.40400"/>
                <addr>
                    <streetAddressLine>Entenstraße 22</streetAddressLine>
                    <postalCode>99999</postalCode>
                    <city>Entenhausen</city>
                </addr>
            </representedCustodianOrganization>
        </assignedCustodian>
    </custodian>


    <participant typeCode="HLD">
        <templateId root="1.2.276.0.76.10.2022"/>
        <time>
            <high value="20231231"/>  <!-- Hier muss immer ein Quartalsende angegeben (MM/JJ) => YYYYMMDD. -->
        </time>
        <associatedEntity classCode="POLHOLD">
            <!-- eGK Nummer -->
            <id extension="A123456789" root="1.2.276.0.76.4.8"/>
            <!-- Versicherungsnummer -->
            <id extension="123456789" root="1.2.276.0.76.3.1.131.1.4.3.9999.9999.999955"/>
            <associatedPerson>
                <name>
                    <given>Charlie</given>
                    <family>AKTIN Test</family>
                </name>
            </associatedPerson>
            <scopingOrganization>
                <!-- IK-NR -->
                <id extension="970000011" root="1.2.276.0.76.4.5"/>
                <!-- VK-NR -->
                <id extension="3333" root="1.2.276.0.76.4.7"/>
                <name>Selbstzahler</name>
            </scopingOrganization>
        </associatedEntity>
    </participant>


    <!-- Aufnahme -->
    <documentationOf typeCode="DOC">
        <serviceEvent classCode="ACT" moodCode="EVN">
            <!-- Behandlung -->
            <effectiveTime>
                <!-- Zeitpunkt Therapiebeginn (Datum und Zeit), Zeitangabe genau bis auf die Minute -->
                <low value="20200101000000"/>
                <!-- Zeitpunkt Therapieende, Verlegungs-/Entlassungszeitpunkt (Datum und Zeit), Zeitangabe genau bis auf die Minute; muss, wenn angegeben, hier identisch sein mit encompassingEncounter.effectiveTime.high -->
                <high value="20200101002300"/>
            </effectiveTime>
            <performer typeCode="PRF">
                <!-- Erster Arzt, Arztkontakt Beginn und Ende -->
                <time>
                    <!-- Begin des Arztkontaktes -->
                    <low value="20200101000000"/>
                    <!-- Ende des Arztkontaktes -->
                    <high value="20200101002300"/>
                </time>
                <assignedEntity classCode="ASSIGNED">
                    <id nullFlavor="NA"/>
                </assignedEntity>
            </performer>
        </serviceEvent>
    </documentationOf>


    <!-- Patientenkontakt -->
    <componentOf>
        <encompassingEncounter classCode="ENC" moodCode="EVN">
            <!-- Encounter-ID (Patientenkontakt in der Notaufnahme) -->

            <id root="1.2.276.0.76.3.87686" extension="1004"/>
            <!-- Krankenhausinternes Fallkennzeichen (optional) -->
            <effectiveTime>
                <!-- Aufnahmezeitpunkt (Datum und Zeit), Zeitangabe genau bis auf die Minute -->
                <low value="20200101000000"/>
                <!-- Ende Patientenkontakt = Zeitpunkt der Verlegung/Entlassung, hier auch als Deceased-Date wg, Disposition-Code=1 -->
                <high value="20200101002300"/>
            </effectiveTime>
            <!-- Entlassung des Patienten mit Entlassungsgrund -->

            
            <!--<dischargeDispositionCode code="4" codeSystem="1.2.276.0.76.3.1.195.5.56"/>-->
        </encompassingEncounter>
    </componentOf>


    <!--
        CDA Body
    -->
    <component>
        <structuredBody>

        <component typeCode="COMP" contextConductionInd="true">
            <!-- Notfallanamnese -->
            <section classCode="DOCSECT">
                <templateId root="1.2.276.0.76.10.3053"/>
                <code code="10164-2" codeSystem="2.16.840.1.113883.6.1" codeSystemName="LOINC" displayName="History of present illness"/>
                <title>Notfallanamnese</title>
                 <text> Dies ist ein automatisch generierter zufälliger Test</text>
            </section>
        </component>


            <component typeCode="COMP" contextConductionInd="true">
                <!-- Transportmittel -->
                <section classCode="DOCSECT">
                    <templateId root="1.2.276.0.76.10.3045"/>
                    <code code="11459-5" codeSystem="2.16.840.1.113883.6.1" codeSystemName="LOINC" displayName="Transport mode"/>
                    <title>Transportmittel</title>
                    <text>
                        |transport|OTH|transport|
                    </text>
                    <entry typeCode="COMP">
                        <observation classCode="OBS" moodCode="EVN">
                            <templateId root="1.2.276.0.76.10.4037"/>
                            <id root="45f99818-637b-4be7-bc22-a70442424242"/>
                            <code code="11459-5" codeSystem="2.16.840.1.113883.6.1" displayName="Transport method"/>
                            <text>
                                <reference value="#transp"/>
                            </text>
                            <statusCode code="completed"/>
                            <!-- Optional: Ankunftszeit -->
                            <effectiveTime>
                                <high value="20200101000000"/>
                            </effectiveTime>
                            <value nullFlavor="OTH" xsi:type="CV"/>
                            <!--
                            <value xsi:type="CV" nullFlavor="NA"/>-->
                        </observation>
                    </entry>
                </section>
            </component>

            <component typeCode="COMP" contextConductionInd="true">
                <section classCode="DOCSECT">
                    <templateId root="1.2.276.0.76.10.3046"/>
                    <code code="11293-8" codeSystem="2.16.840.1.113883.6.1" codeSystemName="LOINC" displayName="Type of Referral source"/>
                    <title>Zuweisung</title>
                    <text> |zuweisung|KVNDAK|zuweisung|</text>
                    <entry typeCode="COMP" contextConductionInd="true">
                        <act classCode="PCPR" moodCode="RQO">
                            <templateId root="1.2.276.0.76.10.4038"/>
                            <code code="11293-8" codeSystem="2.16.840.1.113883.6.1" displayName="Type of Referral source"/>
                            <text>
                                <reference value="#referral"/>
                            </text>
                            <participant typeCode="AUT">
                                <participantRole classCode="AGNT">
                                    <code code="KVNDAK" codeSystem="1.2.276.0.76.5.440"  displayName="KV-Notdienst außerhalb des Krankenhauses"  />
                                    <!--<code code="VAP" codeSystem="1.2.276.0.76.5.440" displayName="Vertragsarzt/Praxis"/>-->
                                </participantRole>
                            </participant>
                        </act>
                    </entry>
                </section>
            </component>



            <component
                    typeCode="COMP"
                    contextConductionInd="true">
                <!-- Beschwerden bei Vorstellung -->
                <section classCode="DOCSECT">
                    <templateId root="1.2.276.0.76.10.3048" />
                    <code
                            code="46239-0"
                            codeSystem="2.16.840.1.113883.6.1"
                            codeSystemName="LOINC"
                            displayName="Chief complaint+Reason for visit" />
                    <title>Beschwerden bei Vorstellung</title>
                    <text>
                        ||CEDIS| Code TR Trauma seit 1 Stunden|


                    </text>
                    <entry typeCode="COMP">
                        <act
                                classCode="ACT"
                                moodCode="EVN">
                            <templateId root="1.2.276.0.76.10.4039" />
                            <id
                                    root="1.2.276.0.76.4.17.9814184919"
                                    extension="b2e0e192-416a-4e9c-97ce-2f3e279826e9" />
                            <code
                                    code="CONC"
                                    codeSystem="2.16.840.1.113883.5.6"
                                    displayName="Concern" />
                            <statusCode code="active" />
                            <effectiveTime>
                                <low value="20200620" />
                                <high value="202006201554" />
                            </effectiveTime>
                            <entryRelationship typeCode="SUBJ">
                                <observation
                                        classCode="OBS"
                                        moodCode="EVN">
                                    <templateId root="1.2.276.0.76.10.4040" />
                                    <id
                                            root="1.2.276.0.76.4.17.9814184919"
                                            extension="08edb7c0-2111-43f2-a784-9a5fdfaa67f0" />
                                    <code
                                            code="75322-8"
                                            codeSystem="2.16.840.1.113883.6.1"
                                            displayName="Complaint" />
                                    <text>
                                        <reference value="#compl-1" />
                                    </text>
                                    <statusCode code="completed" />
                                    <effectiveTime>
                                        <width
                                                value="1"
                                                unit="h" />
                                    </effectiveTime>
                                    <value
                                            code="TR"
                                            codeSystem="1.2.276.0.76.5.439"
                                            xsi:type="CE"
                                            displayName="Trauma">
                                        <!--<value code="254" codeSystem="1.2.276.0.76.5.439" xsi:type="CE" displayName="Durchfall"  >-->
                                        <!--<value xsi:type="CE" code="#CedisCode#" codeSystem="1.2.276.0.76.5.439" displayName="Diarrhoea">-->
                                        <originalText>#CedisDesc#</originalText>
                                    </value>
                                </observation>
                            </entryRelationship>
                        </act>
                    </entry>
                </section>
            </component>

    <component typeCode="COMP" contextConductionInd="true">
        <section classCode="DOCSECT">
            <templateId root="1.2.276.0.76.10.3049"/>
            <code code="11283-9" codeSystem="2.16.840.1.113883.6.1" codeSystemName="LOINC" displayName="Acuity assessment"/>
            <title>Ersteinschätzung</title>
            <text>

                |triageval|2|triageval|
            </text>
            <entry typeCode="COMP" contextConductionInd="true">
                <observation classCode="OBS" moodCode="EVN">
                    <templateId root="1.2.276.0.76.10.4042"/>
                    <id root="45f99818-637b-4be7-bc22-a7041c1cf813"/>
                    <code code="11283-9" codeSystem="2.16.840.1.113883.6.1" codeSystemName="LOINC" displayName="Acuity assessment"/>
                    <text>
                        <reference value="#triage"/>
                    </text>
                    <statusCode code="completed"/>
                    <effectiveTime>
                        <low value="202006201603"/>
                        <high value="202006201608"/>
                    </effectiveTime>
                    <value code="2" codeSystem="1.2.276.0.76.5.438" xsi:type="CE" displayName="sehr dringend - orange - 10 Minuten"  />
                    <!--<value xsi:type="CE" code="3" codeSystem="1.2.276.0.76.5.438" displayName="Triage"/>-->
                </observation>
            </entry>
        </section>
    </component>


    <component typeCode="COMP" contextConductionInd="true">
                <section classCode="DOCSECT">
                    <templateId root="1.2.276.0.76.10.3047"/>
                    <code code="55752-0" codeSystem="2.16.840.1.113883.6.1" codeSystemName="LOINC" displayName="Clinical information"/>
                    <title>Klinische Basisinformationen</title>
                    <text>




                        ||Schwanger:|Patient ist nicht schwanger|
                        ||Tetanusschutz:|Ja|

                        ||Rankin Skala Score:|0|

                        |Multi|3MRGN |Multi|
                        |Verdacht| |Verdacht|



                    </text>

                    <!--   ||Rankin Skala Score|0|
                      ||Multiresisitenter Keim|3MRGN |Multiresisitenter Keim|


-->
                    <entry typeCode="COMP" contextConductionInd="true">
                        <observation classCode="OBS" moodCode="EVN">
                            <templateId root="1.2.276.0.76.10.4043"/>
                            <id root="b2e0e192-416a-4e9c-97ce-2f3e27424242"/>
                            <code code="11449-6" codeSystem="2.16.840.1.113883.6.1" displayName="Pregnancy status"/>
                            <text>
                                <reference value="#Preg"/>
                            </text>
                            <statusCode code="completed"/>
                            <effectiveTime value="202006201545"/>
                            <value code="0" codeSystem="1.2.276.0.76.3.1.195.5.46" xsi:type="CV" displayName="Patient ist nicht schwanger"  />
                            <!-- <value xsi:type="CV" code="#Pregnancy#" codeSystem="1.2.276.0.76.3.1.195.5.46" displayName="Patient nicht schwanger"/>-->
                        </observation>
                    </entry>

                 <entry typeCode="COMP" contextConductionInd="true">
                     <substanceAdministration moodCode="EVN" classCode="SBADM" negationInd="false">
  <templateId root="1.2.276.0.76.10.4044"/>  <code code="IMMUNIZ" codeSystem="2.16.840.1.113883.5.4"/>  <text>
    <reference value="#immun1"/>  </text>  <statusCode code="completed"/>  <effectiveTime value="2001"/>  <consumable>
    <manufacturedProduct classCode="MANU">
      <manufacturedMaterial>
        <code code="CTVACC" codeSystem="1.2.276.0.76.3.1.195.5.3" displayName="Tetanus vaccine (product)"/>      </manufacturedMaterial>    </manufacturedProduct>  </consumable></substanceAdministration>
                    <!--     <substanceAdministration classCode="SBADM" moodCode="EVN" negationInd="false">
                          <templateId root="1.2.276.0.76.10.4044"/>
                          <id root="b2e0e192-416a-4e9c-97ce-2f3e27424243"/>
                          <code code="IMMUNIZ" codeSystem="2.16.840.1.113883.5.4" displayName="Immunization"/>
                          <text>
                              <reference value="#immun1"/>
                          </text>
                          <statusCode code="completed"/>
                          <effectiveTime value="2014"/>
                          <consumable>
                              <manufacturedProduct classCode="MANU">
                                  <manufacturedMaterial classCode="MMAT" determinerCode="KIND">
                                      <code code="CTVACC" codeSystem="1.2.276.0.76.3.1.195.5.3" displayName="Tetanus vaccine (product)"/>
                                  </manufacturedMaterial>
                              </manufacturedProduct>
                          </consumable>
                      </substanceAdministration>-->
                  </entry>
                    <entry typeCode="COMP" contextConductionInd="true">
                        <observation classCode="OBS" moodCode="EVN">
                            <templateId root="1.2.276.0.76.10.4045"/>
                            <id root="10c1eb7e-dc2d-4d1f-806a-2ad65eba0396"/>
                            <code code="75859-9" codeSystem="2.16.840.1.113883.6.1" displayName="Modified Rankin scale"/>
                            <text>
                                <reference value="#rankin"/>
                            </text>
                            <statusCode code="completed"/>
                            <effectiveTime value="20200620"/>
                            <value xsi:type="PQ" value="0" unit="{score}" xmlns:xsi="http://www.w3.org/2001/XMLSchema-instance"/>
                        </observation>
                    </entry>
                    <entry typeCode="COMP" contextConductionInd="true">
                        <act classCode="ACT" moodCode="EVN">
                            <templateId root="1.2.276.0.76.10.4072"/>
                            <id root="1.2.276.0.76.4.17.9814184919" extension="dd8a6ff8-ed4b-4f7e-82c3-e98e58b45de6"/>
                            <code code="CONC" codeSystem="2.16.840.1.113883.5.6" displayName="Concern"/>
                            <statusCode code="completed"/>
                            <effectiveTime>
                                <low value="20150304"/>
                            </effectiveTime>
                            <entryRelationship typeCode="SUBJ">
                                <observation classCode="OBS" moodCode="EVN"   >
                                    <templateId root="1.2.276.0.76.10.4073"/>
                                    <id root="1.2.276.0.76.4.17.9814184919" extension="3564b7c0-2111-43f2-a784-9a5fdfaa67f2"/>
                                    <code code="COND" codeSystem="2.16.840.1.113883.5.4" displayName="Condition"/>
                                    <text>
                                        <reference value="#mdro-1"/>
                                    </text>
                                    <statusCode code="completed"/>
                                    <effectiveTime>
                                        <low value="20150304"/>
                                    </effectiveTime>
<value code="3MRGN" codeSystem="1.2.276.0.76.5.441" xsi:type="CD" displayName="3MRGN:gram- ,wo noch eine AB Gruppen wirksam ist"  >
                                     </value>
                                </observation>
                            </entryRelationship>
                        </act>
                    </entry>
                </section>
            </component>

            <component typeCode="COMP" contextConductionInd="true">
                <!-- VitalSigns -->
                <section classCode="DOCSECT">
                    <templateId root="1.2.276.0.76.10.3044"/>
                    <code code="8716-3" codeSystem="2.16.840.1.113883.6.1" codeSystemName="LOINC" displayName="Vital signs"/>
                    <title>Vitalparameter</title>
                    <text>

                        ||Atemfrequenz:|6/Min|
                        ||Sauerstoffsättigung:|16 %|
                        ||Blutdruck systolisch: |130  mm[Hg]|
                        ||Herzfrequenz:|130/Min|
                        ||Körpertemperatur: |0.38 °C|
                        ||Schmerz|7|
                        ||Glasgow Coma Score Gesamt:|10|
                        ||Glasgow Coma Score Auge:|3|

                        ||Glasgow Coma Score motorisch:|4|
                        ||Glasgow Coma Score verbal:|3|


                        ||Pupillenweite Links|mittel|
                        ||Pupillenreaktion Links|prompt|
                        ||Pupillenweite Rechts|mittel|
                        ||Pupillenreaktion Rechts|prompt|


                      </text>
                    <entry typeCode="COMP" contextConductionInd="true">
                        <observation classCode="OBS" moodCode="EVN">
                            <templateId root="1.2.276.0.76.10.4030"/>
                            <id root="10c1eb7e-dc2d-4d1f-806a-2ad65eba0396"/>
                            <code code="9279-1" codeSystem="2.16.840.1.113883.6.1" displayName="Respiratory Rate">
                                <originalText>
                                    RR #AF#/Min
                                </originalText>
                            </code>
                            <text>
                                <reference value="#resp"/>
                            </text>
                            <statusCode code="completed"/>
                            <effectiveTime value="20200620"/>
                            <value xsi:type="PQ" value="6" unit="/min"/>
                        </observation>
                    </entry>
                    <entry typeCode="COMP" contextConductionInd="true">
                        <observation classCode="OBS" moodCode="EVN">
                            <templateId root="1.2.276.0.76.10.4031"/>
                            <id root="769eb111-93b0-4c84-8e55-98f2098b7950"/>
                            <code code="20564-1" codeSystem="2.16.840.1.113883.6.1" displayName="Oxygen saturation"/>
                            <text>
                                <reference value="#oxy"/>
                            </text>
                            <statusCode code="completed"/>
                            <effectiveTime value="20200620"/>
                            <value xsi:type="PQ" value="16" unit="%"/>
                        </observation>
                    </entry>
                    <entry typeCode="COMP" contextConductionInd="true">
                        <observation classCode="OBS" moodCode="EVN">
                            <templateId root="1.2.276.0.76.10.4032"/>
                            <id root="adeb672e-a620-4aa4-9117-bdd8b2505a78"/>
                            <code code="8480-6" codeSystem="2.16.840.1.113883.6.1" displayName="Systolic blood pressure"/>
                            <text>
                                <reference value="#SysBP"/>
                            </text>
                            <statusCode code="completed"/>
                            <effectiveTime value="20200620"/>
                            <value xsi:type="PQ" value="130" unit="mm[Hg]"/>
                        </observation>
                    </entry>
                    <entry typeCode="COMP" contextConductionInd="true">
                        <observation classCode="OBS" moodCode="EVN">
                            <templateId root="1.2.276.0.76.10.4033"/>
                            <id root="bbfb672e-a620-4aa4-9117-bdd8b2505aaa"/>
                            <code code="8867-4" codeSystem="2.16.840.1.113883.6.1" displayName="Heart Rate"/>
                            <text>
                                <reference value="#HeartR"/>
                            </text>
                            <statusCode code="completed"/>
                            <effectiveTime value="20200620"/>
                            <value xsi:type="PQ" value="130" unit="/min"/>
                        </observation>
                    </entry>
                    <entry typeCode="COMP" contextConductionInd="true">
                        <observation classCode="OBS" moodCode="EVN">
                            <templateId root="1.2.276.0.76.10.4034"/>
                            <id root="98c1eb7e-dc2d-4d1f-806a-2ad65eba0351"/>
                            <code code="9269-2" codeSystem="2.16.840.1.113883.6.1" displayName="Glasgow coma score total"/>
                            <text>
                                <reference value="#GlasgowCS"/>
                            </text>
                            <statusCode code="completed"/>
                            <effectiveTime value="20200620"/>
                            <value xsi:type="PQ" value="9" unit="{score}"/>
                            <entryRelationship typeCode="COMP" contextConductionInd="true">
                                <observation classCode="OBS" moodCode="EVN">
                                    <code code="9267-6" codeSystem="2.16.840.1.113883.6.1" displayName="Glasgow coma score eye opening"/>
                                    <statusCode code="completed"/>
                                    <value xsi:type="PQ" value="3" unit="{score}"/>
                                </observation>
                            </entryRelationship>
                            <entryRelationship typeCode="COMP" contextConductionInd="true">
                                <observation classCode="OBS" moodCode="EVN">
                                    <code code="9270-0" codeSystem="2.16.840.1.113883.6.1" displayName="Glasgow coma score verbal"/>
                                    <statusCode code="completed"/>
                                    <value xsi:type="PQ" value="3" unit="{score}"/>
                                </observation>
                            </entryRelationship>
                            <entryRelationship typeCode="COMP" contextConductionInd="true">
                                <observation classCode="OBS" moodCode="EVN">
                                    <code code="9268-4" codeSystem="2.16.840.1.113883.6.1" displayName="Glasgow coma score motor"/>
                                    <statusCode code="completed"/>
                                    <value xsi:type="PQ" value="4" unit="{score}"/>
                                </observation>
                            </entryRelationship>
                        </observation>
                    </entry>
                    <entry typeCode="COMP" contextConductionInd="true">
                        <observation classCode="OBS" moodCode="EVN">
                            <templateId root="1.2.276.0.76.10.4046"/>
                            <id root="deee672e-a620-4aa4-9117-bdd8b2505aaf"/>
                            <code code="SPPL" codeSystem="1.2.276.0.76.3.1.195.5.1" displayName="Pupillenweite"/>
                            <text>
                                <reference value="#PupilLeft"/>
                            </text>
                            <statusCode code="completed"/>
                            <effectiveTime value="20200620"/>

                            <!-- <value xsi:type="CV" code="#PupilWL#" codeSystem="1.2.276.0.76.3.1.195.5.49" displayName="mittel"/>-->
                            <value code="M" codeSystem="1.2.276.0.76.3.1.195.5.49" xsi:type="CV" displayName="mittel"  />
                            <targetSiteCode code="L" codeSystem="1.2.276.0.76.3.1.195.5.48" displayName="Auge links"/>
                        </observation>
                    </entry>
                    <entry typeCode="COMP" contextConductionInd="true">
                        <observation classCode="OBS" moodCode="EVN">
                            <templateId root="1.2.276.0.76.10.4046"/>
                            <id root="deee672e-a620-4aa4-9117-bdd8b2505aaf"/>
                            <code code="SPPL" codeSystem="1.2.276.0.76.3.1.195.5.1" displayName="Pupillenweite"/>
                            <text>
                                <reference value="#PupilLeft"/>
                            </text>
                            <statusCode code="completed"/>
                            <effectiveTime value="20200620"/>
                            <value code="M" codeSystem="1.2.276.0.76.3.1.195.5.49" xsi:type="CV" displayName="mittel"  />
                            <!--<value xsi:type="CV" code="#PupilWR#" codeSystem="1.2.276.0.76.3.1.195.5.49" displayName="mittel"/>-->
                            <targetSiteCode code="R" codeSystem="1.2.276.0.76.3.1.195.5.48" displayName="Auge rechts"/>
                        </observation>
                    </entry>
                    <entry typeCode="COMP" contextConductionInd="true">
                        <observation classCode="OBS" moodCode="EVN">
                            <templateId root="1.2.276.0.76.10.4047"/>
                            <id root="deee672e-a620-4aa4-9117-bdd8b2505aaf"/>
                            <code code="RPPL" codeSystem="1.2.276.0.76.3.1.195.5.1" displayName="Pupillenreaktion"/>
                            <text>
                                <reference value="PupilLeft"/>
                            </text>
                            <statusCode code="completed"/>
                            <effectiveTime value="20200620"/>
                            <value code="B" codeSystem="1.2.276.0.76.3.1.195.5.50" xsi:type="CV" displayName="prompt"  />
                            <!--<value xsi:type="CV" code="#PupilRL#" codeSystem="1.2.276.0.76.3.1.195.5.50" displayName="prompt"/>
                            --><targetSiteCode code="L" codeSystem="1.2.276.0.76.3.1.195.5.48" displayName="Auge links"/>
                        </observation>
                    </entry>
                    <entry typeCode="COMP" contextConductionInd="true">
                        <observation classCode="OBS" moodCode="EVN">
                            <templateId root="1.2.276.0.76.10.4047"/>
                            <id root="deee672e-a620-4aa4-9117-bdd8b2505aaf"/>
                            <code code="RPPL" codeSystem="1.2.276.0.76.3.1.195.5.1" displayName="Pupillenreaktion"/>
                            <text>
                                <reference value="PupilRight"/>
                            </text>
                            <statusCode code="completed"/>
                            <effectiveTime value="20200620"/>

                            <value code="A" codeSystem="1.2.276.0.76.3.1.195.5.50" xsi:type="CV" displayName="keine"  />
                            <!--<value xsi:type="CV" code="#PupilRR#" codeSystem="1.2.276.0.76.3.1.195.5.50" displayName="prompt"/>-->
                            <targetSiteCode code="R" codeSystem="1.2.276.0.76.3.1.195.5.48" displayName="Auge rechts"/>
                        </observation>
                    </entry>
                    <entry typeCode="COMP" contextConductionInd="true">
                        <observation classCode="OBS" moodCode="EVN">
                            <templateId root="1.2.276.0.76.10.4035"/>
                            <id root="af1eb111-93b0-4c84-8e55-98f2098b7950"/>
                            <code code="8329-5" codeSystem="2.16.840.1.113883.6.1" displayName="Body temperature - Core"/>
                            <text>
                                <reference value="#BodyTemp"/>
                            </text>
                            <statusCode code="completed"/>
                            <effectiveTime value="20200620"/>
                            <value xsi:type="PQ" value="0.38" unit="Cel"/>
                        </observation>
                    </entry>
                    <entry typeCode="COMP" contextConductionInd="true">
                        <observation classCode="OBS" moodCode="EVN">
                            <templateId root="1.2.276.0.76.10.4036"/>
                            <id root="10c1eb7e-dc2d-4d1f-806a-2ad65eba0396"/>
                            <code code="72514-3" codeSystem="2.16.840.1.113883.6.1" displayName="Pain severity - 0-10 verbal numeric rating"/>
                            <text>
                                <reference value="#Pain"/>
                            </text>
                            <!-- 56840-2" Pain severity verbal numeric scale -->
                            <statusCode code="completed"/>
                            <effectiveTime value="20200620"/>
                            <value xsi:type="PQ" value="7" unit="{score}"/>
                        </observation>
                    </entry>
                </section>
            </component>




            <!--Freetextblock cannot be used for HTML, since it is bursted into DB -->
            <component typeCode="COMP" contextConductionInd="true">
                <!-- Allergien, Unverträglichkeiten -->
                <section classCode="DOCSECT" moodCode="EVN">
                    <templateId root="1.2.276.0.76.10.3051"/>
                    <code code="48765-2" codeSystem="2.16.840.1.113883.6.1" codeSystemName="LOINC" displayName="Allergies &amp;or adverse reactions"/>
                    <title>Allergien und Unverträglichkeiten</title>
                    <text>
                        ||Allergien|Allergen : |

                    </text>
                    <entry typeCode="COMP">
                        <act classCode="ACT" moodCode="EVN">
                            <templateId root="1.2.276.0.76.10.4065"/>
                            <id root="1.2.276.0.76.4.17.9814184919" extension="15100194-6d6e-4b00-a4d8-effeb66596b4"/>
                            <code code="CONC" codeSystem="2.16.840.1.113883.5.6"/>
                            <statusCode code="active"/>
                            <!-- This is the time stamp for when the allergy was first documented as a concern-->
                            <effectiveTime>
                                <low value="20200620"/>
                            </effectiveTime>
                            <entryRelationship typeCode="SUBJ">
<observation classCode="OBS" moodCode="EVN">
  <templateId root="1.2.276.0.76.10.4066"/>  <id root="1.2.276.0.76.4.17.9814184919" extension="4adc1020-7b14-11db-9fe1-0800200c9a66"/>  <code code="ASSERTION" codeSystem="2.16.840.1.113883.5.4"/>  <statusCode code="completed"/>  <effectiveTime nullFlavor="NA"/>  <value xsi:type="CV" code="OINT" codeSystem="2.16.840.1.113883.5.4" displayName="adverse reaction upon exposure to an agent"/>  <participant typeCode="CSM">
    <participantRole classCode="MANU">
      <playingEntity classCode="MMAT">
<code code="ALGN" codeSystem="1.2.276.0.76.3.1.195.5.52"  displayName="Allergen"  >          <originalText>
            <reference value="#alg-4"/>          </originalText>    
    </code> 
     </playingEntity> 
   </participantRole> 
 </participant>
</observation>
                            </entryRelationship>

                        </act>
                    </entry>
                </section>
            </component>

            <component typeCode="COMP" contextConductionInd="true">
                <section classCode="DOCSECT">
                    <templateId root="1.2.276.0.76.10.3054"/>
                    <code code="67781-5" codeSystem="2.16.840.1.113883.6.1" codeSystemName="LOINC" displayName="Summarization of encounter note"/>
                    <title>Befunde / Verlauf / durchgeführte Therapie</title>
                    <text>


                        |iso|NEG|iso|
                         

                        

                    </text>

                    <entry typeCode="COMP">
                        <procedure classCode="PROC" moodCode="EVN" negationInd="true">
                            <templateId root="1.2.276.0.76.10.4068"/>
                            <id root="1.2.276.0.76.4.17.9814184919" extension="53becae1-80bd-42e9-a38b-ffa191d71dc9"/>
                            <code code="ISO" codeSystem="1.2.276.0.76.3.1.195.5.54" displayName="Isolation"/>
                            <text>
                                <reference value="#iso"/>
                            </text>
                            <statusCode code="completed"/>
                        </procedure>
                    </entry>


                </section>
            </component>


    <component typeCode="COMP" contextConductionInd="true" >
        <!-- Diagnostik -->
        <section classCode="DOCSECT">
            <templateId root="1.2.276.0.76.10.3050"/>
            <code code="30954-2" codeSystem="2.16.840.1.113883.6.1" codeSystemName="LOINC" displayName="Relevant diagnostic tests &amp;or laboratory data"/>
            <title>Diagnostik</title>
            <text>
                               ||DiagnostikElement|Nicht durchgeführt |
               ||DiagnostikElement|Noch nicht verfügbar|
               ||Röntgen Sonstige|Unbekannt|
               ||CT|Noch nicht verfügbar|
               ||DiagnostikElement|Nicht durchgeführt |
               ||Echokardiographie|ohne path. Befund|
               ||CCT|ohne path. Befund|

            </text>
            <!-- <entry typeCode="COMP" contextConductionInd="true">
                 <observation classCode="OBS" moodCode="EVN">
                     <templateId root="1.2.276.0.76.10.4050"/>
                     <id root="944cd73e-4361-4fca-929b-9a404b063651"/>
                     <code code="30745-4" codeSystem="2.16.840.1.113883.6.1" displayName="Chest X-ray"/>
                     <text>
                         <reference value="#proc-1"/>
                     </text>
                     <statusCode code="completed"/>
                     <effectiveTime value="20200620"/>
                     <value xsi:type="CE" code="PB" codeSystem="1.2.276.0.76.3.1.195.5.51" displayName="path. Befund"/>
                     <participant typeCode="LOC">
                         <participantRole classCode="SDLOC">
                             <code code="ER" codeSystem="2.16.840.1.113883.5.111" displayName="Notaufnahme"/>
                         </participantRole>
                     </participant>
                 </observation>
             </entry>
             <entry typeCode="COMP" contextConductionInd="true">
                 <observation classCode="OBS" moodCode="EVN">
                     <templateId root="1.2.276.0.76.10.4051"/>
                     <id root="9527DF31-B54F-4504-A511-E8BB54B2539C"/>
                     <code code="38008-9" codeSystem="2.16.840.1.113883.6.1" displayName="Spine Cervical and Thoracic and Lumbar X-ray"/>
                     <text>
                         <reference value="#proc-2"/>
                     </text>
                     <statusCode code="completed"/>
                     <effectiveTime value="20200620"/>
                     <value xsi:type="CE" nullFlavor="UNK"/>
                     <participant typeCode="LOC">
                         <participantRole classCode="SDLOC">
                             <code code="ER" codeSystem="2.16.840.1.113883.5.111" displayName="Notaufnahme"/>
                         </participantRole>
                     </participant>
                 </observation>
             </entry>
             <entry typeCode="COMP" contextConductionInd="true">
                 <observation classCode="OBS" moodCode="EVN" negationInd="true">
                     <templateId root="1.2.276.0.76.10.4052"/>
                     <id root="7152e2cb-b208-4833-a70b-7f8317e34ed6"/>
                     <code code="28561-9" codeSystem="2.16.840.1.113883.6.1" displayName="Pelvis X-ray"/>
                     <text>
                         <reference value="#proc-3"/>
                     </text>
                     <statusCode code="completed"/>
                     <effectiveTime value="20200620"/>
                     <value xsi:type="CE" nullFlavor="UNK"/>
                     <participant typeCode="LOC">
                         <participantRole classCode="SDLOC">
                             <code code="ER" codeSystem="2.16.840.1.113883.5.111" displayName="Notaufnahme"/>
                         </participantRole>
                     </participant>
                 </observation>
             </entry>

             <entry typeCode="COMP" contextConductionInd="true">
                 <observation classCode="OBS" moodCode="EVN">
                     <templateId root="1.2.276.0.76.10.4054"/>
                     <id root="a25ec093-7459-4073-a9ef-f4de308b92d5"/>
                     <code code="43468-8" codeSystem="2.16.840.1.113883.6.1" displayName="Unspecified body region X-ray"/>
                     <text>
                         <reference value="#proc-5"/>
                     </text>
                     <statusCode code="completed"/>
                     <effectiveTime value="20200620"/>
                     <value xsi:type="CE" code="OPB" codeSystem="1.2.276.0.76.3.1.195.5.51" displayName="ohne path. Befund"/>
                     <participant typeCode="LOC">
                         <participantRole classCode="SDLOC">
                             <code code="ER" codeSystem="2.16.840.1.113883.5.111" displayName="Notaufnahme"/>
                         </participantRole>
                     </participant>
                 </observation>
             </entry>
             <entry typeCode="COMP" contextConductionInd="true">
                 <observation classCode="OBS" moodCode="EVN">
                     <templateId root="1.2.276.0.76.10.4055"/>
                     <id root="2c2f8f44-1b89-4071-851b-45a6ccd0a1e1"/>
                     <code code="24725-4" codeSystem="2.16.840.1.113883.6.1" displayName="Head CT"/>
                     <text>
                         <reference value="#proc-6"/>
                     </text>
                     <statusCode code="completed"/>
                     <effectiveTime value="20200620"/>
                     <value xsi:type="CE" code="OPB" codeSystem="1.2.276.0.76.3.1.195.5.51" displayName="ohne path. Befund"/>
                     <participant typeCode="LOC">
                         <participantRole classCode="SDLOC">
                             <code code="ER" codeSystem="2.16.840.1.113883.5.111" displayName="Notaufnahme"/>
                         </participantRole>
                     </participant>
                 </observation>
             </entry>
             <entry typeCode="COMP" contextConductionInd="true">
                 <observation classCode="OBS" moodCode="EVN">
                     <templateId root="1.2.276.0.76.10.4056"/>
                     <id root="cde348dd-f5d2-452a-b30f-ec33a92160b3"/>
                     <code code="46305-9" codeSystem="2.16.840.1.113883.6.1" displayName="CT whole body"/>
                     <text>
                         <reference value="#proc-7"/>
                     </text>
                     <statusCode code="completed"/>
                     <effectiveTime value="20200620"/>
                     <value xsi:type="CE" code="OPB" codeSystem="1.2.276.0.76.3.1.195.5.51" displayName="ohne path. Befund"/>
                     <participant typeCode="LOC">
                         <participantRole classCode="SDLOC">
                             <code code="ER" codeSystem="2.16.840.1.113883.5.111" displayName="Notaufnahme"/>
                         </participantRole>
                     </participant>
                 </observation>
             </entry>
            <entry typeCode="COMP" contextConductionInd="true">
                <observation classCode="OBS" moodCode="EVN">
                    <templateId root="1.2.276.0.76.10.4057"/>
                    <id root="6e1eb17e-e064-4996-b7f1-bcfaf55b06ac"/>
                    <code code="26436-6" codeSystem="2.16.840.1.113883.6.1" displayName="Laboratory studies"/>
                    <text>
                        <reference value="#proc-8"/>
                    </text>
                    <statusCode code="completed"/>
                    <effectiveTime value="20200620"/>
                    <value xsi:type="CE" code="PB" codeSystem="1.2.276.0.76.3.1.195.5.51" displayName="path. Befund"/>
                </observation>
            </entry>
            <entry typeCode="COMP" contextConductionInd="true">
                <observation classCode="OBS" moodCode="EVN">
                    <templateId root="1.2.276.0.76.10.4058"/>
                    <id root="59b54374-a939-49bf-be53-6af7d7ee3a2b"/>
                    <code code="25056-3" codeSystem="2.16.840.1.113883.6.1" displayName="Unspecified body region MRI"/>
                    <text>
                        <reference value="#proc-9"/>
                    </text>
                    <statusCode code="completed"/>
                    <effectiveTime value="20200620"/>
                    <value xsi:type="CE" code="OPB" codeSystem="1.2.276.0.76.3.1.195.5.51" displayName="ohne path. Befund"/>
                </observation>
            </entry>
            <entry typeCode="COMP" contextConductionInd="true">
                <observation classCode="OBS" moodCode="EVN">
                    <templateId root="1.2.276.0.76.10.4059"/>
                    <id root="285e1c44-5027-4b2b-b21c-e987b55567ee"/>
                    <code code="18767-4" codeSystem="2.16.840.1.113883.6.1" displayName="Blood gas studies"/>
                    <text>
                        <reference value="#proc-10"/>
                    </text>
                    <statusCode code="completed"/>
                    <effectiveTime value="20200620"/>
                    <value xsi:type="CE" code="OPB" codeSystem="1.2.276.0.76.3.1.195.5.51" displayName="ohne path. Befund"/>
                </observation>
            </entry>
            <entry typeCode="COMP" contextConductionInd="true">
                <observation classCode="OBS" moodCode="EVN">
                    <templateId root="1.2.276.0.76.10.4060"/>
                    <id root="2f851d0f-fe43-42e4-a16e-f1d5f818076f"/>
                    <code code="50556-0" codeSystem="2.16.840.1.113883.6.1" displayName="Urinalysis dipstick panel"/>
                    <text>
                        <reference value="#proc-11"/>
                    </text>
                    <statusCode code="completed"/>
                    <effectiveTime value="20200620"/>
                    <value xsi:type="CE" code="OPB" codeSystem="1.2.276.0.76.3.1.195.5.51" displayName="ohne path. Befund"/>
                </observation>
            </entry>
            <entry typeCode="COMP" contextConductionInd="true">
                <observation classCode="OBS" moodCode="EVN">
                    <templateId root="1.2.276.0.76.10.4061"/>
                    <id root="cddb56c3-bc8e-4e61-9eb1-4074bcd70c49"/>
                    <code code="34534-8" codeSystem="2.16.840.1.113883.6.1" displayName="EKG 12 channel panel"/>
                    <text>
                        <reference value="#proc-12"/>
                    </text>
                    <statusCode code="completed"/>
                    <effectiveTime value="201503261234"/>
                    <value xsi:type="CE" code="OPB" codeSystem="1.2.276.0.76.3.1.195.5.51" displayName="ohne path. Befund"/>
                </observation>
            </entry>
            <entry typeCode="COMP" contextConductionInd="true">
                <observation classCode="OBS" moodCode="EVN">
                    <templateId root="1.2.276.0.76.10.4062"/>
                    <id root="7cab4233-9d82-456d-81b4-c4a6c987d682"/>
                    <code code="25061-3" codeSystem="2.16.840.1.113883.6.1" displayName="Unspecified body region US"/>
                    <text>
                        <reference value="#proc-13"/>
                    </text>
                    <statusCode code="completed"/>
                    <effectiveTime value="20200620"/>
                    <value xsi:type="CE" code="OPB" codeSystem="1.2.276.0.76.3.1.195.5.51" displayName="ohne path. Befund"/>
                </observation>

            </entry>
            <entry typeCode="COMP" contextConductionInd="true">
                <observation classCode="OBS" moodCode="EVN">
                    <templateId root="1.2.276.0.76.10.4063"/>
                    <id root="0C3011ED-A709-4D85-A873-5150DC056934"/>
                    <code code="25045-6" codeSystem="2.16.840.1.113883.6.1" displayName="Unspecified body region CT"/>
                    <text>
                        <reference value="#proc-14"/>
                    </text>
                    <statusCode code="completed"/>
                    <effectiveTime value="20200620"/>
                    <value xsi:type="CE" code="OPB" codeSystem="1.2.276.0.76.3.1.195.5.51" displayName="ohne path. Befund"/>
                </observation>
            </entry>
            <entry typeCode="COMP" contextConductionInd="true">
                <observation classCode="OBS" moodCode="EVN">
                    <templateId root="1.2.276.0.76.10.4064"/>
                    <id root="0659a2c7-035f-4245-93b2-2afadef99be1"/>
                    <code code="42148-7" codeSystem="2.16.840.1.113883.6.1" displayName="Heart US"/>
                    <text>
                        <reference value="#proc-15"/>
                    </text>
                    <statusCode code="completed"/>
                    <effectiveTime value="201503261234"/>
                    <value xsi:type="CE" code="OPB" codeSystem="1.2.276.0.76.3.1.195.5.51" displayName="ohne path. Befund"/>
                </observation>
            </entry>         -->

             <entry typeCode="COMP" contextConductionInd="true">
                         <observation classCode="OBS" moodCode="EVN" >
                             <templateId root="1.2.276.0.76.10.4054"/>
                             <id root="a25ec093-7459-4073-a9ef-f4de308b92d5"/>
                             <code code="43468-8" codeSystem="2.16.840.1.113883.6.1" displayName="Unspecified body region X-ray"/>
                             <text>
                                 <reference value="#proc-5"/>
                             </text>
                             <statusCode code="completed"/>
                             <effectiveTime value="20200620"/>
                               <value nullFlavor="UNK" xsi:type="CE"/>
                             <participant typeCode="LOC">
                                 <participantRole classCode="SDLOC">
                                     <code code="ER" codeSystem="2.16.840.1.113883.5.111" displayName="Notaufnahme"/>
                                 </participantRole>
                             </participant>
                         </observation>
                     </entry>
  <entry typeCode="COMP" contextConductionInd="true">
                        <observation classCode="OBS" moodCode="EVN" >
                            <templateId root="1.2.276.0.76.10.4063"/>
                            <id root="0C3011ED-A709-4D85-A873-5150DC056934"/>
                            <code code="25045-6" codeSystem="2.16.840.1.113883.6.1" displayName="Unspecified body region CT"/>
                            <text>
                                <reference value="#proc-14"/>
                            </text>
                            <statusCode code="completed"/>
                             <effectiveTime value="20200620"/>
                               <value nullFlavor="NAV" xsi:type="CE"/>
                         </observation>
                     </entry>
<entry typeCode="COMP" contextConductionInd="true">
                        <observation classCode="OBS" moodCode="EVN" negationInd="true" >
                            <templateId root="1.2.276.0.76.10.4057"/>
                            <id root="6e1eb17e-e064-4996-b7f1-bcfaf55b06ac"/>
                            <code code="26436-6" codeSystem="2.16.840.1.113883.6.1" displayName="Laboratory studies"/>
                            <text>
                                <reference value="#proc-8"/>
                            </text>
                            <statusCode code="completed"/>
                             <effectiveTime value="20200620"/>
                               <value nullFlavor="UNK" xsi:type="CE"/>
                         </observation>
                     </entry>
       <entry typeCode="COMP" contextConductionInd="true">
                        <observation classCode="OBS" moodCode="EVN" >
                            <templateId root="1.2.276.0.76.10.4064"/>
                            <id root="0659a2c7-035f-4245-93b2-2afadef99be1"/>
                            <code code="42148-7" codeSystem="2.16.840.1.113883.6.1" displayName="Heart US"/>
                            <text>
                                <reference value="#proc-15"/>
                            </text>
                            <statusCode code="completed"/>
                            <effectiveTime value="20200620"/>
                            <value code="OPB" codeSystem="1.2.276.0.76.3.1.195.5.51" xsi:type="CE" displayName="ohne path. Befund"  />
                        </observation>
                    </entry> 
    <entry typeCode="COMP" contextConductionInd="true">
                         <observation classCode="OBS" moodCode="EVN" >
                             <templateId root="1.2.276.0.76.10.4055"/>
                             <id root="2c2f8f44-1b89-4071-851b-45a6ccd0a1e1"/>
                             <code code="24725-4" codeSystem="2.16.840.1.113883.6.1" displayName="Head CT"/>
                             <text>
                                 <reference value="#proc-6"/>
                             </text>
                             <statusCode code="completed"/>
                             <effectiveTime value="20200620"/>
                               <value code="OPB" codeSystem="1.2.276.0.76.3.1.195.5.51" xsi:type="CE" displayName="ohne path. Befund"  />
                             <participant typeCode="LOC">
                                 <participantRole classCode="SDLOC">
                                     <code code="ER" codeSystem="2.16.840.1.113883.5.111" displayName="Notaufnahme"/>
                                 </participantRole>
                             </participant>
                         </observation>
                     </entry>

        </section>
    </component>


            <component typeCode="COMP" contextConductionInd="true">
                <section classCode="DOCSECT">
                    <templateId root="1.2.276.0.76.10.3056"/>
                    <code code="67661-9" codeSystem="2.16.840.1.113883.6.1" codeSystemName="LOINC" displayName="EMS disposition"/>
                    <title>Weiteres Procedere / Therapieempfehlung / Weiterbehandler</title>
                    <text>
                        


                        |entlassung|AKTIN:TRANSFER:6|entlassung|
                    </text>

                    <entry typeCode="COMP"><act classCode="ACT" moodCode="INT">
  <templateId root="1.2.276.0.76.10.4067"/><code code="6" codeSystem="1.2.276.0.76.3.1.195.5.53"  displayName="extern: Normalstation"  /><text>
    <reference value="#refact"/> 
 </text> 
</act> 
 </entry>



        </section>
    </component>




    <component typeCode="COMP" contextConductionInd="true">
        <section classCode="DOCSECT">
            <templateId  root="1.2.276.0.76.10.3057"/>
            <code code="11516-2" codeSystem="2.16.840.1.113883.6.1" codeSystemName="LOINC" displayName="Physician Records total Encounter"/>
            <title>Zusatzmodule</title>
            <text>
            Bitte registrieren Sie  den eingegebenen Testpatienten im ContentManager in der Studie "Ende zu Ende Validierung" mit der vom Dokumentationssystem vergebenen Patientennummer (PatID)
            </text>
            <entry typeCode="COMP" contextConductionInd="true">
                <act classCode="ACT" moodCode="EVN">

                    <templateId root="1.2.276.0.76.10.4070"/>
                    <id root="285e1c44-5027-4b2b-b21c-e987b55567ee"/>
                    <code code="11516-2" codeSystem="2.16.840.1.113883.6.1"/>
                    <text>
                        <reference value="#edoc-1"/>
                    </text>
                    <reference typeCode="SPRT">
                        <externalDocument classCode="DOC" moodCode="EVN">
                            <templateId root="1.2.276.0.76.10.4071"/>
                            <code code="53576-5" codeSystem="2.16.840.1.113883.6.1"/>
                            <text>
                                <reference value="#edoc-1"/>
                            </text>
                        </externalDocument>
                    </reference>
                    <reference typeCode="SPRT">
                        <externalDocument classCode="DOC" moodCode="EVN">
                            <templateId root="1.2.276.0.76.10.4071"/>
                            <code code="11488-4" codeSystem="2.16.840.1.113883.6.1"/>
                        </externalDocument>
                    </reference>
                    <reference typeCode="SPRT">
                        <externalDocument classCode="DOC" moodCode="EVN">
                            <templateId root="1.2.276.0.76.10.4071"/>
                            <code code="74198-3" codeSystem="2.16.840.1.113883.6.1"/>
                        </externalDocument>
                    </reference>
                </act>
            </entry>
        </section>





    </component>



</structuredBody>
        </component>
        </ClinicalDocument>
